"entity_key","location_id","initial_geoid"
"ansi:00161526","loc_00000001","01001"
"ansi:00161527","loc_00000002","01003"
"ansi:00161528","loc_00000003","01005"
"ansi:00161529","loc_00000004","01007"
"ansi:00161530","loc_00000005","01009"
"ansi:00161531","loc_00000006","01011"
"ansi:00161532","loc_00000007","01013"
"ansi:00161533","loc_00000008","01015"
"ansi:00161534","loc_00000009","01017"
"ansi:00161535","loc_00000010","01019"
"ansi:00161536","loc_00000011","01021"
"ansi:00161537","loc_00000012","01023"
"ansi:00161538","loc_00000013","01025"
"ansi:00161539","loc_00000014","01027"
"ansi:00161540","loc_00000015","01029"
"ansi:00161541","loc_00000016","01031"
"ansi:00161542","loc_00000017","01033"
"ansi:00161543","loc_00000018","01035"
"ansi:00161544","loc_00000019","01037"
"ansi:00161545","loc_00000020","01039"
"ansi:00161546","loc_00000021","01041"
"ansi:00161547","loc_00000022","01043"
"ansi:00161548","loc_00000023","01045"
"ansi:00161549","loc_00000024","01047"
"ansi:00161550","loc_00000025","01049"
"ansi:00161551","loc_00000026","01051"
"ansi:00161552","loc_00000027","01053"
"ansi:00161553","loc_00000028","01055"
"ansi:00161554","loc_00000029","01057"
"ansi:00161555","loc_00000030","01059"
"ansi:00161556","loc_00000031","01061"
"ansi:00161557","loc_00000032","01063"
"ansi:00161558","loc_00000033","01065"
"ansi:00161559","loc_00000034","01067"
"ansi:00161560","loc_00000035","01069"
"ansi:00161561","loc_00000036","01071"
"ansi:00161562","loc_00000037","01073"
"ansi:00161563","loc_00000038","01075"
"ansi:00161564","loc_00000039","01077"
"ansi:00161565","loc_00000040","01079"
"ansi:00161566","loc_00000041","01081"
"ansi:00161567","loc_00000042","01083"
"ansi:00161568","loc_00000043","01085"
"ansi:00161569","loc_00000044","01087"
"ansi:00161570","loc_00000045","01089"
"ansi:00161572","loc_00000046","01091"
"ansi:00161573","loc_00000047","01093"
"ansi:00161574","loc_00000048","01095"
"ansi:00161575","loc_00000049","01097"
"ansi:00161576","loc_00000050","01099"
"ansi:00161577","loc_00000051","01101"
"ansi:00161578","loc_00000052","01103"
"ansi:00161579","loc_00000053","01105"
"ansi:00161580","loc_00000054","01107"
"ansi:00161581","loc_00000055","01109"
"ansi:00161582","loc_00000056","01111"
"ansi:00161583","loc_00000057","01113"
"ansi:00164997","loc_00000058","01115"
"ansi:00161584","loc_00000059","01117"
"ansi:00161585","loc_00000060","01119"
"ansi:00161586","loc_00000061","01121"
"ansi:00161587","loc_00000062","01123"
"ansi:00161588","loc_00000063","01125"
"ansi:00161589","loc_00000064","01127"
"ansi:00161590","loc_00000065","01129"
"ansi:00161591","loc_00000066","01131"
"ansi:00161592","loc_00000067","01133"
"ansi:01419964","loc_00000068","02013"
"ansi:01419965","loc_00000069","02016"
"ansi:01416061","loc_00000070","02020"
"ansi:01419966","loc_00000071","02050"
"ansi:01419967","loc_00000072","02060"
"ansi:02804400","loc_00000073","02063"
"ansi:02804401","loc_00000074","02066"
"ansi:01419988","loc_00000075","02068"
"ansi:01419968","loc_00000076","02070"
"ansi:01419969","loc_00000077","02090"
"ansi:01419970","loc_00000078","02100"
"ansi:02371430","loc_00000079","02105"
"ansi:01419971","loc_00000080","02110"
"ansi:01419972","loc_00000081","02122"
"ansi:01419973","loc_00000082","02130"
"ansi:01419974","loc_00000083","02150"
"ansi:01419985","loc_00000084","02158"
"ansi:01419975","loc_00000085","02164"
"ansi:01419976","loc_00000086","02170"
"ansi:01419977","loc_00000087","02180"
"ansi:01419978","loc_00000088","02185"
"ansi:01419979","loc_00000089","02188"
"ansi:02516404","loc_00000090","02195"
"ansi:01419980","loc_00000091","02198"
"ansi:01419981","loc_00000092","02220"
"ansi:02339479","loc_00000093","02230"
"ansi:01419983","loc_00000094","02240"
"ansi:02516402","loc_00000095","02275"
"ansi:01419986","loc_00000096","02282"
"ansi:01419987","loc_00000097","02290"
"ansi:00025441","loc_00000098","04001"
"ansi:00025442","loc_00000099","04003"
"ansi:00025443","loc_00000100","04005"
"ansi:00040471","loc_00000101","04007"
"ansi:00025444","loc_00000102","04009"
"ansi:00042807","loc_00000103","04011"
"ansi:00043540","loc_00000104","04012"
"ansi:00037026","loc_00000105","04013"
"ansi:00025445","loc_00000106","04015"
"ansi:00042808","loc_00000107","04017"
"ansi:00025446","loc_00000108","04019"
"ansi:00025447","loc_00000109","04021"
"ansi:00040472","loc_00000110","04023"
"ansi:00042809","loc_00000111","04025"
"ansi:00023901","loc_00000112","04027"
"ansi:00063755","loc_00000113","05001"
"ansi:00063756","loc_00000114","05003"
"ansi:00069895","loc_00000115","05005"
"ansi:00069896","loc_00000116","05007"
"ansi:00069897","loc_00000117","05009"
"ansi:00063757","loc_00000118","05011"
"ansi:00063758","loc_00000119","05013"
"ansi:00066975","loc_00000120","05015"
"ansi:00069160","loc_00000121","05017"
"ansi:00066845","loc_00000122","05019"
"ansi:00063759","loc_00000123","05021"
"ansi:00066983","loc_00000124","05023"
"ansi:00063760","loc_00000125","05025"
"ansi:00063761","loc_00000126","05027"
"ansi:00066846","loc_00000127","05029"
"ansi:00066847","loc_00000128","05031"
"ansi:00069161","loc_00000129","05033"
"ansi:00069162","loc_00000130","05035"
"ansi:00066848","loc_00000131","05037"
"ansi:00066849","loc_00000132","05039"
"ansi:00066850","loc_00000133","05041"
"ansi:00066851","loc_00000134","05043"
"ansi:00066852","loc_00000135","05045"
"ansi:00066853","loc_00000136","05047"
"ansi:00066854","loc_00000137","05049"
"ansi:00066855","loc_00000138","05051"
"ansi:00066856","loc_00000139","05053"
"ansi:00066857","loc_00000140","05055"
"ansi:00066858","loc_00000141","05057"
"ansi:00066859","loc_00000142","05059"
"ansi:00066872","loc_00000143","05061"
"ansi:00069163","loc_00000144","05063"
"ansi:00066860","loc_00000145","05065"
"ansi:00066861","loc_00000146","05067"
"ansi:00066862","loc_00000147","05069"
"ansi:00066863","loc_00000148","05071"
"ansi:00066864","loc_00000149","05073"
"ansi:00066865","loc_00000150","05075"
"ansi:00066866","loc_00000151","05077"
"ansi:00066873","loc_00000152","05079"
"ansi:00066874","loc_00000153","05081"
"ansi:00082850","loc_00000154","05083"
"ansi:00069164","loc_00000155","05085"
"ansi:00069165","loc_00000156","05087"
"ansi:00069898","loc_00000157","05089"
"ansi:00069166","loc_00000158","05091"
"ansi:00069899","loc_00000159","05093"
"ansi:00069167","loc_00000160","05095"
"ansi:00069168","loc_00000161","05097"
"ansi:00069169","loc_00000162","05099"
"ansi:00069900","loc_00000163","05101"
"ansi:00069170","loc_00000164","05103"
"ansi:00069171","loc_00000165","05105"
"ansi:00069172","loc_00000166","05107"
"ansi:00069173","loc_00000167","05109"
"ansi:00069174","loc_00000168","05111"
"ansi:00069175","loc_00000169","05113"
"ansi:00069901","loc_00000170","05115"
"ansi:00069176","loc_00000171","05117"
"ansi:00069177","loc_00000172","05119"
"ansi:00069178","loc_00000173","05121"
"ansi:00083331","loc_00000174","05123"
"ansi:00067102","loc_00000175","05125"
"ansi:00069179","loc_00000176","05127"
"ansi:00069180","loc_00000177","05129"
"ansi:00069181","loc_00000178","05131"
"ansi:00069182","loc_00000179","05133"
"ansi:00069183","loc_00000180","05135"
"ansi:00069902","loc_00000181","05137"
"ansi:00069903","loc_00000182","05139"
"ansi:00069904","loc_00000183","05141"
"ansi:00069905","loc_00000184","05143"
"ansi:00069906","loc_00000185","05145"
"ansi:00069907","loc_00000186","05147"
"ansi:00069908","loc_00000187","05149"
"ansi:01675839","loc_00000188","06001"
"ansi:01675840","loc_00000189","06003"
"ansi:01675841","loc_00000190","06005"
"ansi:01675842","loc_00000191","06007"
"ansi:01675885","loc_00000192","06009"
"ansi:01675902","loc_00000193","06011"
"ansi:01675903","loc_00000194","06013"
"ansi:01682074","loc_00000195","06015"
"ansi:00277273","loc_00000196","06017"
"ansi:00277274","loc_00000197","06019"
"ansi:00277275","loc_00000198","06021"
"ansi:01681908","loc_00000199","06023"
"ansi:00277277","loc_00000200","06025"
"ansi:01804637","loc_00000201","06027"
"ansi:02054176","loc_00000202","06029"
"ansi:00277280","loc_00000203","06031"
"ansi:00277281","loc_00000204","06033"
"ansi:01693324","loc_00000205","06035"
"ansi:00277283","loc_00000206","06037"
"ansi:00277284","loc_00000207","06039"
"ansi:00277285","loc_00000208","06041"
"ansi:00277286","loc_00000209","06043"
"ansi:00277287","loc_00000210","06045"
"ansi:00277288","loc_00000211","06047"
"ansi:00277289","loc_00000212","06049"
"ansi:00277290","loc_00000213","06051"
"ansi:00277291","loc_00000214","06053"
"ansi:00277292","loc_00000215","06055"
"ansi:01682927","loc_00000216","06057"
"ansi:00277294","loc_00000217","06059"
"ansi:00277295","loc_00000218","06061"
"ansi:00277296","loc_00000219","06063"
"ansi:00277297","loc_00000220","06065"
"ansi:00277298","loc_00000221","06067"
"ansi:00277299","loc_00000222","06069"
"ansi:00277300","loc_00000223","06071"
"ansi:00277301","loc_00000224","06073"
"ansi:00277302","loc_00000225","06075"
"ansi:00277303","loc_00000226","06077"
"ansi:00277304","loc_00000227","06079"
"ansi:00277305","loc_00000228","06081"
"ansi:00277306","loc_00000229","06083"
"ansi:00277307","loc_00000230","06085"
"ansi:00277308","loc_00000231","06087"
"ansi:01682610","loc_00000232","06089"
"ansi:00277310","loc_00000233","06091"
"ansi:00277311","loc_00000234","06093"
"ansi:00277312","loc_00000235","06095"
"ansi:01657246","loc_00000236","06097"
"ansi:00277314","loc_00000237","06099"
"ansi:00277315","loc_00000238","06101"
"ansi:01692767","loc_00000239","06103"
"ansi:00277317","loc_00000240","06105"
"ansi:00277318","loc_00000241","06107"
"ansi:00277319","loc_00000242","06109"
"ansi:00277320","loc_00000243","06111"
"ansi:00277321","loc_00000244","06113"
"ansi:00277322","loc_00000245","06115"
"ansi:00198116","loc_00000246","08001"
"ansi:00198117","loc_00000247","08003"
"ansi:00198118","loc_00000248","08005"
"ansi:00198119","loc_00000249","08007"
"ansi:00198120","loc_00000250","08009"
"ansi:00198121","loc_00000251","08011"
"ansi:00198122","loc_00000252","08013"
"ansi:01945881","loc_00000253","08014"
"ansi:00198123","loc_00000254","08015"
"ansi:00198124","loc_00000255","08017"
"ansi:00198125","loc_00000256","08019"
"ansi:00198126","loc_00000257","08021"
"ansi:00198127","loc_00000258","08023"
"ansi:00198128","loc_00000259","08025"
"ansi:00198129","loc_00000260","08027"
"ansi:00198130","loc_00000261","08029"
"ansi:00198131","loc_00000262","08031"
"ansi:00198132","loc_00000263","08033"
"ansi:00198133","loc_00000264","08035"
"ansi:00198134","loc_00000265","08037"
"ansi:00198136","loc_00000266","08039"
"ansi:00198135","loc_00000267","08041"
"ansi:00198137","loc_00000268","08043"
"ansi:00198138","loc_00000269","08045"
"ansi:00198139","loc_00000270","08047"
"ansi:00198140","loc_00000271","08049"
"ansi:00198141","loc_00000272","08051"
"ansi:00198142","loc_00000273","08053"
"ansi:00198143","loc_00000274","08055"
"ansi:00198144","loc_00000275","08057"
"ansi:00198145","loc_00000276","08059"
"ansi:00198146","loc_00000277","08061"
"ansi:00198147","loc_00000278","08063"
"ansi:00198149","loc_00000279","08065"
"ansi:00198148","loc_00000280","08067"
"ansi:00198150","loc_00000281","08069"
"ansi:00198151","loc_00000282","08071"
"ansi:00198152","loc_00000283","08073"
"ansi:00198153","loc_00000284","08075"
"ansi:00198154","loc_00000285","08077"
"ansi:00198155","loc_00000286","08079"
"ansi:00198156","loc_00000287","08081"
"ansi:00198157","loc_00000288","08083"
"ansi:00198158","loc_00000289","08085"
"ansi:00198159","loc_00000290","08087"
"ansi:00198160","loc_00000291","08089"
"ansi:00198161","loc_00000292","08091"
"ansi:00198162","loc_00000293","08093"
"ansi:00198163","loc_00000294","08095"
"ansi:00198164","loc_00000295","08097"
"ansi:00198165","loc_00000296","08099"
"ansi:00198166","loc_00000297","08101"
"ansi:00198167","loc_00000298","08103"
"ansi:00198168","loc_00000299","08105"
"ansi:00198169","loc_00000300","08107"
"ansi:00198170","loc_00000301","08109"
"ansi:00198171","loc_00000302","08111"
"ansi:00198172","loc_00000303","08113"
"ansi:00198173","loc_00000304","08115"
"ansi:00198174","loc_00000305","08117"
"ansi:00198175","loc_00000306","08119"
"ansi:00198176","loc_00000307","08121"
"ansi:00198177","loc_00000308","08123"
"ansi:00198178","loc_00000309","08125"
"ansi:02830244","loc_00000310","09110"
"ansi:02830245","loc_00000311","09120"
"ansi:02830246","loc_00000312","09130"
"ansi:02830249","loc_00000313","09140"
"ansi:02830250","loc_00000314","09150"
"ansi:02830251","loc_00000315","09160"
"ansi:02830252","loc_00000316","09170"
"ansi:02830253","loc_00000317","09180"
"ansi:02830254","loc_00000318","09190"
"ansi:00217271","loc_00000319","10001"
"ansi:00217270","loc_00000320","10003"
"ansi:00217269","loc_00000321","10005"
"ansi:01702382","loc_00000322","11001"
"ansi:00308548","loc_00000323","12001"
"ansi:00306920","loc_00000324","12003"
"ansi:00295738","loc_00000325","12005"
"ansi:00303634","loc_00000326","12007"
"ansi:00295749","loc_00000327","12009"
"ansi:00295753","loc_00000328","12011"
"ansi:00306919","loc_00000329","12013"
"ansi:00295742","loc_00000330","12015"
"ansi:00295752","loc_00000331","12017"
"ansi:00295726","loc_00000332","12019"
"ansi:00295754","loc_00000333","12021"
"ansi:00306909","loc_00000334","12023"
"ansi:00294452","loc_00000335","12027"
"ansi:00295725","loc_00000336","12029"
"ansi:00293656","loc_00000337","12031"
"ansi:00295737","loc_00000338","12033"
"ansi:00308547","loc_00000339","12035"
"ansi:00306911","loc_00000340","12037"
"ansi:00306918","loc_00000341","12039"
"ansi:00303633","loc_00000342","12041"
"ansi:00295743","loc_00000343","12043"
"ansi:00306917","loc_00000344","12045"
"ansi:00295736","loc_00000345","12047"
"ansi:00295746","loc_00000346","12049"
"ansi:00307626","loc_00000347","12051"
"ansi:00295751","loc_00000348","12053"
"ansi:00295756","loc_00000349","12055"
"ansi:00295757","loc_00000350","12057"
"ansi:00295735","loc_00000351","12059"
"ansi:00307624","loc_00000352","12061"
"ansi:00295734","loc_00000353","12063"
"ansi:00295733","loc_00000354","12065"
"ansi:00295732","loc_00000355","12067"
"ansi:00308551","loc_00000356","12069"
"ansi:00295758","loc_00000357","12071"
"ansi:00306916","loc_00000358","12073"
"ansi:00295724","loc_00000359","12075"
"ansi:00308549","loc_00000360","12077"
"ansi:00295731","loc_00000361","12079"
"ansi:00295744","loc_00000362","12081"
"ansi:00306922","loc_00000363","12083"
"ansi:00308550","loc_00000364","12085"
"ansi:00295755","loc_00000365","12086"
"ansi:00295759","loc_00000366","12087"
"ansi:00295730","loc_00000367","12089"
"ansi:00306915","loc_00000368","12091"
"ansi:00295760","loc_00000369","12093"
"ansi:00295750","loc_00000370","12095"
"ansi:00295748","loc_00000371","12097"
"ansi:00295761","loc_00000372","12099"
"ansi:00295739","loc_00000373","12101"
"ansi:00295745","loc_00000374","12103"
"ansi:00295747","loc_00000375","12105"
"ansi:00306910","loc_00000376","12107"
"ansi:00308371","loc_00000377","12109"
"ansi:00308372","loc_00000378","12111"
"ansi:00306914","loc_00000379","12113"
"ansi:00295741","loc_00000380","12115"
"ansi:00303665","loc_00000381","12117"
"ansi:00295740","loc_00000382","12119"
"ansi:00295729","loc_00000383","12121"
"ansi:00295728","loc_00000384","12123"
"ansi:00306913","loc_00000385","12125"
"ansi:00306921","loc_00000386","12127"
"ansi:00306912","loc_00000387","12129"
"ansi:00295727","loc_00000388","12131"
"ansi:00295762","loc_00000389","12133"
"ansi:00349113","loc_00000390","13001"
"ansi:00345784","loc_00000391","13003"
"ansi:00344784","loc_00000392","13005"
"ansi:00342832","loc_00000393","13007"
"ansi:00345255","loc_00000394","13009"
"ansi:00349230","loc_00000395","13011"
"ansi:00356976","loc_00000396","13013"
"ansi:00351604","loc_00000397","13015"
"ansi:00351606","loc_00000398","13017"
"ansi:00326638","loc_00000399","13019"
"ansi:01672039","loc_00000400","13021"
"ansi:00347451","loc_00000401","13023"
"ansi:00351605","loc_00000402","13025"
"ansi:00345518","loc_00000403","13027"
"ansi:00350496","loc_00000404","13029"
"ansi:00350302","loc_00000405","13031"
"ansi:00347944","loc_00000406","13033"
"ansi:00352295","loc_00000407","13035"
"ansi:00344074","loc_00000408","13037"
"ansi:01671316","loc_00000409","13039"
"ansi:00342852","loc_00000410","13043"
"ansi:00326650","loc_00000411","13045"
"ansi:00353230","loc_00000412","13047"
"ansi:00357747","loc_00000413","13049"
"ansi:01694477","loc_00000414","13051"
"ansi:00351012","loc_00000415","13053"
"ansi:00352213","loc_00000416","13055"
"ansi:01685718","loc_00000417","13057"
"ansi:01672699","loc_00000418","13059"
"ansi:00344805","loc_00000419","13061"
"ansi:01672399","loc_00000420","13063"
"ansi:00351285","loc_00000421","13065"
"ansi:01686112","loc_00000422","13067"
"ansi:00347456","loc_00000423","13069"
"ansi:00343936","loc_00000424","13071"
"ansi:00348865","loc_00000425","13073"
"ansi:00343878","loc_00000426","13075"
"ansi:00326666","loc_00000427","13077"
"ansi:00342918","loc_00000428","13079"
"ansi:00351607","loc_00000429","13081"
"ansi:00347465","loc_00000430","13083"
"ansi:00351312","loc_00000431","13085"
"ansi:00352234","loc_00000432","13087"
"ansi:01687424","loc_00000433","13089"
"ansi:00348116","loc_00000434","13091"
"ansi:00351608","loc_00000435","13093"
"ansi:00351259","loc_00000436","13095"
"ansi:01686467","loc_00000437","13097"
"ansi:00345041","loc_00000438","13099"
"ansi:00348092","loc_00000439","13101"
"ansi:00350219","loc_00000440","13103"
"ansi:00347828","loc_00000441","13105"
"ansi:00347508","loc_00000442","13107"
"ansi:00345923","loc_00000443","13109"
"ansi:00351094","loc_00000444","13111"
"ansi:01687740","loc_00000445","13113"
"ansi:00353665","loc_00000446","13115"
"ansi:01673358","loc_00000447","13117"
"ansi:00349324","loc_00000448","13119"
"ansi:01694833","loc_00000449","13121"
"ansi:00351260","loc_00000450","13123"
"ansi:00345642","loc_00000451","13125"
"ansi:01671513","loc_00000452","13127"
"ansi:00356672","loc_00000453","13129"
"ansi:00351261","loc_00000454","13131"
"ansi:00348672","loc_00000455","13133"
"ansi:01688166","loc_00000456","13135"
"ansi:00351383","loc_00000457","13137"
"ansi:01686953","loc_00000458","13139"
"ansi:00348209","loc_00000459","13141"
"ansi:00350637","loc_00000460","13143"
"ansi:00326700","loc_00000461","13145"
"ansi:01687995","loc_00000462","13147"
"ansi:00347067","loc_00000463","13149"
"ansi:01671894","loc_00000464","13151"
"ansi:01671693","loc_00000465","13153"
"ansi:00352302","loc_00000466","13155"
"ansi:00349570","loc_00000467","13157"
"ansi:00346144","loc_00000468","13159"
"ansi:01687999","loc_00000469","13161"
"ansi:00345714","loc_00000470","13163"
"ansi:00342985","loc_00000471","13165"
"ansi:00346664","loc_00000472","13167"
"ansi:00345367","loc_00000473","13169"
"ansi:00326713","loc_00000474","13171"
"ansi:00348102","loc_00000475","13173"
"ansi:00346568","loc_00000476","13175"
"ansi:00343390","loc_00000477","13177"
"ansi:00357095","loc_00000478","13179"
"ansi:01688000","loc_00000479","13181"
"ansi:00326719","loc_00000480","13183"
"ansi:00326720","loc_00000481","13185"
"ansi:00357196","loc_00000482","13187"
"ansi:00348794","loc_00000483","13189"
"ansi:00356886","loc_00000484","13191"
"ansi:00346957","loc_00000485","13193"
"ansi:01688004","loc_00000486","13195"
"ansi:00344107","loc_00000487","13197"
"ansi:00346892","loc_00000488","13199"
"ansi:00344088","loc_00000489","13201"
"ansi:00343645","loc_00000490","13205"
"ansi:00343073","loc_00000491","13207"
"ansi:00352276","loc_00000492","13209"
"ansi:00346008","loc_00000493","13211"
"ansi:01688005","loc_00000494","13213"
"ansi:00357428","loc_00000495","13215"
"ansi:01673547","loc_00000496","13217"
"ansi:00356774","loc_00000497","13219"
"ansi:00351262","loc_00000498","13221"
"ansi:00349912","loc_00000499","13223"
"ansi:00343153","loc_00000500","13225"
"ansi:01673011","loc_00000501","13227"
"ansi:00349086","loc_00000502","13229"
"ansi:00346482","loc_00000503","13231"
"ansi:00343585","loc_00000504","13233"
"ansi:00347593","loc_00000505","13235"
"ansi:00347246","loc_00000506","13237"
"ansi:00350547","loc_00000507","13239"
"ansi:00351489","loc_00000508","13241"
"ansi:00352242","loc_00000509","13243"
"ansi:00358024","loc_00000510","13245"
"ansi:00357592","loc_00000511","13247"
"ansi:00344129","loc_00000512","13249"
"ansi:00350204","loc_00000513","13251"
"ansi:00351263","loc_00000514","13253"
"ansi:00353055","loc_00000515","13255"
"ansi:00350028","loc_00000516","13257"
"ansi:00347360","loc_00000517","13259"
"ansi:00343504","loc_00000518","13261"
"ansi:00326757","loc_00000519","13263"
"ansi:00347654","loc_00000520","13265"
"ansi:00347445","loc_00000521","13267"
"ansi:00344156","loc_00000522","13269"
"ansi:00356958","loc_00000523","13271"
"ansi:00352238","loc_00000524","13273"
"ansi:00343835","loc_00000525","13275"
"ansi:00344090","loc_00000526","13277"
"ansi:00345220","loc_00000527","13279"
"ansi:00351252","loc_00000528","13281"
"ansi:00347505","loc_00000529","13283"
"ansi:01673298","loc_00000530","13285"
"ansi:00343238","loc_00000531","13287"
"ansi:00345456","loc_00000532","13289"
"ansi:00353193","loc_00000533","13291"
"ansi:00346759","loc_00000534","13293"
"ansi:00354216","loc_00000535","13295"
"ansi:00351264","loc_00000536","13297"
"ansi:00357722","loc_00000537","13299"
"ansi:00347777","loc_00000538","13301"
"ansi:00348428","loc_00000539","13303"
"ansi:00350608","loc_00000540","13305"
"ansi:00352287","loc_00000541","13307"
"ansi:00351278","loc_00000542","13309"
"ansi:00326781","loc_00000543","13311"
"ansi:00353513","loc_00000544","13313"
"ansi:00345499","loc_00000545","13315"
"ansi:00351265","loc_00000546","13317"
"ansi:00346824","loc_00000547","13319"
"ansi:00343365","loc_00000548","13321"
"ansi:00365280","loc_00000549","15001"
"ansi:00365281","loc_00000550","15003"
"ansi:01702380","loc_00000551","15005"
"ansi:00365282","loc_00000552","15007"
"ansi:00365283","loc_00000553","15009"
"ansi:00395066","loc_00000554","16001"
"ansi:00395067","loc_00000555","16003"
"ansi:00395091","loc_00000556","16005"
"ansi:00395090","loc_00000557","16007"
"ansi:00395190","loc_00000558","16009"
"ansi:00400593","loc_00000559","16011"
"ansi:00395696","loc_00000560","16013"
"ansi:00395157","loc_00000561","16015"
"ansi:00395158","loc_00000562","16017"
"ansi:00395407","loc_00000563","16019"
"ansi:00395159","loc_00000564","16021"
"ansi:00401703","loc_00000565","16023"
"ansi:00399408","loc_00000566","16025"
"ansi:00399406","loc_00000567","16027"
"ansi:00395406","loc_00000568","16029"
"ansi:00395698","loc_00000569","16031"
"ansi:00399755","loc_00000570","16033"
"ansi:00395697","loc_00000571","16035"
"ansi:00399758","loc_00000572","16037"
"ansi:00400252","loc_00000573","16039"
"ansi:00395585","loc_00000574","16041"
"ansi:00395408","loc_00000575","16043"
"ansi:00395442","loc_00000576","16045"
"ansi:00395441","loc_00000577","16047"
"ansi:00395699","loc_00000578","16049"
"ansi:00399751","loc_00000579","16051"
"ansi:00395662","loc_00000580","16053"
"ansi:00395661","loc_00000581","16055"
"ansi:00395613","loc_00000582","16057"
"ansi:00399754","loc_00000583","16059"
"ansi:00395622","loc_00000584","16061"
"ansi:00395624","loc_00000585","16063"
"ansi:00394803","loc_00000586","16065"
"ansi:00394807","loc_00000587","16067"
"ansi:00399394","loc_00000588","16069"
"ansi:00399759","loc_00000589","16071"
"ansi:00399760","loc_00000590","16073"
"ansi:00394896","loc_00000591","16075"
"ansi:00394951","loc_00000592","16077"
"ansi:01702379","loc_00000593","16079"
"ansi:00399297","loc_00000594","16081"
"ansi:00399334","loc_00000595","16083"
"ansi:00399756","loc_00000596","16085"
"ansi:00399757","loc_00000597","16087"
"ansi:00424202","loc_00000598","17001"
"ansi:00424203","loc_00000599","17003"
"ansi:00424204","loc_00000600","17005"
"ansi:00424205","loc_00000601","17007"
"ansi:00424206","loc_00000602","17009"
"ansi:00424207","loc_00000603","17011"
"ansi:00424208","loc_00000604","17013"
"ansi:00424209","loc_00000605","17015"
"ansi:00424210","loc_00000606","17017"
"ansi:00424211","loc_00000607","17019"
"ansi:00424212","loc_00000608","17021"
"ansi:00424213","loc_00000609","17023"
"ansi:00424214","loc_00000610","17025"
"ansi:00424215","loc_00000611","17027"
"ansi:00424216","loc_00000612","17029"
"ansi:01784766","loc_00000613","17031"
"ansi:00424218","loc_00000614","17033"
"ansi:00424219","loc_00000615","17035"
"ansi:00422190","loc_00000616","17037"
"ansi:00426598","loc_00000617","17039"
"ansi:00424222","loc_00000618","17041"
"ansi:00422191","loc_00000619","17043"
"ansi:00424224","loc_00000620","17045"
"ansi:00424225","loc_00000621","17047"
"ansi:00424226","loc_00000622","17049"
"ansi:00424227","loc_00000623","17051"
"ansi:00424228","loc_00000624","17053"
"ansi:00424229","loc_00000625","17055"
"ansi:00424230","loc_00000626","17057"
"ansi:00424231","loc_00000627","17059"
"ansi:00424232","loc_00000628","17061"
"ansi:00424233","loc_00000629","17063"
"ansi:00424234","loc_00000630","17065"
"ansi:00424235","loc_00000631","17067"
"ansi:00424236","loc_00000632","17069"
"ansi:00424237","loc_00000633","17071"
"ansi:00424238","loc_00000634","17073"
"ansi:00424239","loc_00000635","17075"
"ansi:00424240","loc_00000636","17077"
"ansi:00424241","loc_00000637","17079"
"ansi:00424242","loc_00000638","17081"
"ansi:00424243","loc_00000639","17083"
"ansi:00424244","loc_00000640","17085"
"ansi:00424245","loc_00000641","17087"
"ansi:00424246","loc_00000642","17089"
"ansi:00424247","loc_00000643","17091"
"ansi:00424248","loc_00000644","17093"
"ansi:00424249","loc_00000645","17095"
"ansi:01784796","loc_00000646","17097"
"ansi:00422247","loc_00000647","17099"
"ansi:00424252","loc_00000648","17101"
"ansi:00424253","loc_00000649","17103"
"ansi:00424254","loc_00000650","17105"
"ansi:00424255","loc_00000651","17107"
"ansi:01784729","loc_00000652","17109"
"ansi:01784815","loc_00000653","17111"
"ansi:01784833","loc_00000654","17113"
"ansi:00424256","loc_00000655","17115"
"ansi:00424257","loc_00000656","17117"
"ansi:00424258","loc_00000657","17119"
"ansi:00424259","loc_00000658","17121"
"ansi:00424260","loc_00000659","17123"
"ansi:00424261","loc_00000660","17125"
"ansi:01784730","loc_00000661","17127"
"ansi:00424266","loc_00000662","17129"
"ansi:01784750","loc_00000663","17131"
"ansi:01784865","loc_00000664","17133"
"ansi:01784866","loc_00000665","17135"
"ansi:00424270","loc_00000666","17137"
"ansi:01784885","loc_00000667","17139"
"ansi:01784894","loc_00000668","17141"
"ansi:01784920","loc_00000669","17143"
"ansi:01784940","loc_00000670","17145"
"ansi:00424275","loc_00000671","17147"
"ansi:01784941","loc_00000672","17149"
"ansi:00424277","loc_00000673","17151"
"ansi:01784966","loc_00000674","17153"
"ansi:00424279","loc_00000675","17155"
"ansi:01784967","loc_00000676","17157"
"ansi:00424281","loc_00000677","17159"
"ansi:00424282","loc_00000678","17161"
"ansi:01784987","loc_00000679","17163"
"ansi:00424283","loc_00000680","17165"
"ansi:01785010","loc_00000681","17167"
"ansi:01785037","loc_00000682","17169"
"ansi:00424286","loc_00000683","17171"
"ansi:01785051","loc_00000684","17173"
"ansi:00424288","loc_00000685","17175"
"ansi:01785076","loc_00000686","17177"
"ansi:01785094","loc_00000687","17179"
"ansi:01785113","loc_00000688","17181"
"ansi:01785114","loc_00000689","17183"
"ansi:00424293","loc_00000690","17185"
"ansi:01785134","loc_00000691","17187"
"ansi:01785150","loc_00000692","17189"
"ansi:00424296","loc_00000693","17191"
"ansi:00424297","loc_00000694","17193"
"ansi:01785167","loc_00000695","17195"
"ansi:01785190","loc_00000696","17197"
"ansi:01785215","loc_00000697","17199"
"ansi:01785216","loc_00000698","17201"
"ansi:01785231","loc_00000699","17203"
"ansi:00450401","loc_00000700","18001"
"ansi:00450402","loc_00000701","18003"
"ansi:00451683","loc_00000702","18005"
"ansi:00450403","loc_00000703","18007"
"ansi:00450404","loc_00000704","18009"
"ansi:00450405","loc_00000705","18011"
"ansi:00451684","loc_00000706","18013"
"ansi:00450406","loc_00000707","18015"
"ansi:00450339","loc_00000708","18017"
"ansi:00450340","loc_00000709","18019"
"ansi:00450341","loc_00000710","18021"
"ansi:00450342","loc_00000711","18023"
"ansi:00451674","loc_00000712","18025"
"ansi:00450343","loc_00000713","18027"
"ansi:00450344","loc_00000714","18029"
"ansi:00450345","loc_00000715","18031"
"ansi:00450346","loc_00000716","18033"
"ansi:00450347","loc_00000717","18035"
"ansi:00451675","loc_00000718","18037"
"ansi:00450348","loc_00000719","18039"
"ansi:00450349","loc_00000720","18041"
"ansi:00450350","loc_00000721","18043"
"ansi:00450351","loc_00000722","18045"
"ansi:00450352","loc_00000723","18047"
"ansi:00450353","loc_00000724","18049"
"ansi:00450354","loc_00000725","18051"
"ansi:00450355","loc_00000726","18053"
"ansi:00451676","loc_00000727","18055"
"ansi:00450356","loc_00000728","18057"
"ansi:00450357","loc_00000729","18059"
"ansi:00451677","loc_00000730","18061"
"ansi:00450358","loc_00000731","18063"
"ansi:00450359","loc_00000732","18065"
"ansi:00450360","loc_00000733","18067"
"ansi:00450361","loc_00000734","18069"
"ansi:00451678","loc_00000735","18071"
"ansi:00450494","loc_00000736","18073"
"ansi:00450362","loc_00000737","18075"
"ansi:00450363","loc_00000738","18077"
"ansi:00450364","loc_00000739","18079"
"ansi:00450365","loc_00000740","18081"
"ansi:00450366","loc_00000741","18083"
"ansi:00450367","loc_00000742","18085"
"ansi:00450368","loc_00000743","18087"
"ansi:00450495","loc_00000744","18089"
"ansi:00450507","loc_00000745","18091"
"ansi:00451703","loc_00000746","18093"
"ansi:00450370","loc_00000747","18095"
"ansi:00450371","loc_00000748","18097"
"ansi:00450372","loc_00000749","18099"
"ansi:00451679","loc_00000750","18101"
"ansi:00450373","loc_00000751","18103"
"ansi:00451680","loc_00000752","18105"
"ansi:00450374","loc_00000753","18107"
"ansi:00450375","loc_00000754","18109"
"ansi:00450376","loc_00000755","18111"
"ansi:00450377","loc_00000756","18113"
"ansi:00450378","loc_00000757","18115"
"ansi:00451681","loc_00000758","18117"
"ansi:00450379","loc_00000759","18119"
"ansi:00450380","loc_00000760","18121"
"ansi:00451682","loc_00000761","18123"
"ansi:00450381","loc_00000762","18125"
"ansi:00450382","loc_00000763","18127"
"ansi:00450383","loc_00000764","18129"
"ansi:00446852","loc_00000765","18131"
"ansi:00450384","loc_00000766","18133"
"ansi:00446853","loc_00000767","18135"
"ansi:00450385","loc_00000768","18137"
"ansi:00446854","loc_00000769","18139"
"ansi:00452855","loc_00000770","18141"
"ansi:00450386","loc_00000771","18143"
"ansi:00450387","loc_00000772","18145"
"ansi:00450388","loc_00000773","18147"
"ansi:00450389","loc_00000774","18149"
"ansi:00450390","loc_00000775","18151"
"ansi:00450391","loc_00000776","18153"
"ansi:00450392","loc_00000777","18155"
"ansi:00450393","loc_00000778","18157"
"ansi:00450394","loc_00000779","18159"
"ansi:00450395","loc_00000780","18161"
"ansi:00450396","loc_00000781","18163"
"ansi:00450397","loc_00000782","18165"
"ansi:00450398","loc_00000783","18167"
"ansi:00450399","loc_00000784","18169"
"ansi:00450400","loc_00000785","18171"
"ansi:00450335","loc_00000786","18173"
"ansi:00451665","loc_00000787","18175"
"ansi:00450336","loc_00000788","18177"
"ansi:00450337","loc_00000789","18179"
"ansi:00450338","loc_00000790","18181"
"ansi:00450369","loc_00000791","18183"
"ansi:00465190","loc_00000792","19001"
"ansi:00465191","loc_00000793","19003"
"ansi:00465192","loc_00000794","19005"
"ansi:00465193","loc_00000795","19007"
"ansi:00465194","loc_00000796","19009"
"ansi:00465195","loc_00000797","19011"
"ansi:00465196","loc_00000798","19013"
"ansi:00465197","loc_00000799","19015"
"ansi:00465198","loc_00000800","19017"
"ansi:00465199","loc_00000801","19019"
"ansi:00465200","loc_00000802","19021"
"ansi:00465201","loc_00000803","19023"
"ansi:00465202","loc_00000804","19025"
"ansi:00465203","loc_00000805","19027"
"ansi:00465204","loc_00000806","19029"
"ansi:00465205","loc_00000807","19031"
"ansi:00465206","loc_00000808","19033"
"ansi:00465207","loc_00000809","19035"
"ansi:00465208","loc_00000810","19037"
"ansi:00465209","loc_00000811","19039"
"ansi:00465625","loc_00000812","19041"
"ansi:00465210","loc_00000813","19043"
"ansi:00465211","loc_00000814","19045"
"ansi:00465212","loc_00000815","19047"
"ansi:00465213","loc_00000816","19049"
"ansi:00465214","loc_00000817","19051"
"ansi:00465215","loc_00000818","19053"
"ansi:00465216","loc_00000819","19055"
"ansi:00465217","loc_00000820","19057"
"ansi:00465218","loc_00000821","19059"
"ansi:00465219","loc_00000822","19061"
"ansi:00465220","loc_00000823","19063"
"ansi:00465221","loc_00000824","19065"
"ansi:00465222","loc_00000825","19067"
"ansi:00465223","loc_00000826","19069"
"ansi:00465224","loc_00000827","19071"
"ansi:00465225","loc_00000828","19073"
"ansi:00465226","loc_00000829","19075"
"ansi:00465227","loc_00000830","19077"
"ansi:00465228","loc_00000831","19079"
"ansi:00465229","loc_00000832","19081"
"ansi:00465230","loc_00000833","19083"
"ansi:00465231","loc_00000834","19085"
"ansi:00465232","loc_00000835","19087"
"ansi:00465233","loc_00000836","19089"
"ansi:00465234","loc_00000837","19091"
"ansi:00465235","loc_00000838","19093"
"ansi:00465236","loc_00000839","19095"
"ansi:00465237","loc_00000840","19097"
"ansi:00465238","loc_00000841","19099"
"ansi:00465239","loc_00000842","19101"
"ansi:00465240","loc_00000843","19103"
"ansi:00465241","loc_00000844","19105"
"ansi:00465242","loc_00000845","19107"
"ansi:00465243","loc_00000846","19109"
"ansi:00465244","loc_00000847","19111"
"ansi:00465245","loc_00000848","19113"
"ansi:00465246","loc_00000849","19115"
"ansi:00465247","loc_00000850","19117"
"ansi:00465248","loc_00000851","19119"
"ansi:00465249","loc_00000852","19121"
"ansi:00465250","loc_00000853","19123"
"ansi:00465251","loc_00000854","19125"
"ansi:00465252","loc_00000855","19127"
"ansi:00465253","loc_00000856","19129"
"ansi:00465254","loc_00000857","19131"
"ansi:00465255","loc_00000858","19133"
"ansi:00465256","loc_00000859","19135"
"ansi:00465257","loc_00000860","19137"
"ansi:00465258","loc_00000861","19139"
"ansi:00465259","loc_00000862","19141"
"ansi:00465260","loc_00000863","19143"
"ansi:00465261","loc_00000864","19145"
"ansi:00465262","loc_00000865","19147"
"ansi:00465263","loc_00000866","19149"
"ansi:00465264","loc_00000867","19151"
"ansi:00465265","loc_00000868","19153"
"ansi:00465266","loc_00000869","19155"
"ansi:00465267","loc_00000870","19157"
"ansi:00465268","loc_00000871","19159"
"ansi:00465269","loc_00000872","19161"
"ansi:00465270","loc_00000873","19163"
"ansi:00465271","loc_00000874","19165"
"ansi:00465272","loc_00000875","19167"
"ansi:00465273","loc_00000876","19169"
"ansi:00465274","loc_00000877","19171"
"ansi:00465275","loc_00000878","19173"
"ansi:00465276","loc_00000879","19175"
"ansi:00465277","loc_00000880","19177"
"ansi:00465278","loc_00000881","19179"
"ansi:00465279","loc_00000882","19181"
"ansi:00465280","loc_00000883","19183"
"ansi:00465281","loc_00000884","19185"
"ansi:00465282","loc_00000885","19187"
"ansi:00465283","loc_00000886","19189"
"ansi:00465284","loc_00000887","19191"
"ansi:00465285","loc_00000888","19193"
"ansi:00465286","loc_00000889","19195"
"ansi:00465287","loc_00000890","19197"
"ansi:00484970","loc_00000891","20001"
"ansi:00484971","loc_00000892","20003"
"ansi:00484972","loc_00000893","20005"
"ansi:00484973","loc_00000894","20007"
"ansi:00484974","loc_00000895","20009"
"ansi:00484975","loc_00000896","20011"
"ansi:00484976","loc_00000897","20013"
"ansi:00484977","loc_00000898","20015"
"ansi:00484978","loc_00000899","20017"
"ansi:00484979","loc_00000900","20019"
"ansi:00484980","loc_00000901","20021"
"ansi:00484981","loc_00000902","20023"
"ansi:00484982","loc_00000903","20025"
"ansi:00484983","loc_00000904","20027"
"ansi:00484984","loc_00000905","20029"
"ansi:00484985","loc_00000906","20031"
"ansi:00484986","loc_00000907","20033"
"ansi:00484987","loc_00000908","20035"
"ansi:00484988","loc_00000909","20037"
"ansi:00484989","loc_00000910","20039"
"ansi:00484990","loc_00000911","20041"
"ansi:00484991","loc_00000912","20043"
"ansi:00484992","loc_00000913","20045"
"ansi:00484993","loc_00000914","20047"
"ansi:00484994","loc_00000915","20049"
"ansi:00484995","loc_00000916","20051"
"ansi:00484996","loc_00000917","20053"
"ansi:00485326","loc_00000918","20055"
"ansi:00484997","loc_00000919","20057"
"ansi:00484998","loc_00000920","20059"
"ansi:00484999","loc_00000921","20061"
"ansi:00485000","loc_00000922","20063"
"ansi:00481811","loc_00000923","20065"
"ansi:00485099","loc_00000924","20067"
"ansi:00485001","loc_00000925","20069"
"ansi:00485002","loc_00000926","20071"
"ansi:00485003","loc_00000927","20073"
"ansi:00485327","loc_00000928","20075"
"ansi:00485004","loc_00000929","20077"
"ansi:00485005","loc_00000930","20079"
"ansi:00485328","loc_00000931","20081"
"ansi:00485006","loc_00000932","20083"
"ansi:00485007","loc_00000933","20085"
"ansi:00485008","loc_00000934","20087"
"ansi:00485009","loc_00000935","20089"
"ansi:00485010","loc_00000936","20091"
"ansi:00485011","loc_00000937","20093"
"ansi:00485012","loc_00000938","20095"
"ansi:00485013","loc_00000939","20097"
"ansi:00485014","loc_00000940","20099"
"ansi:00485015","loc_00000941","20101"
"ansi:00485016","loc_00000942","20103"
"ansi:00485017","loc_00000943","20105"
"ansi:00485018","loc_00000944","20107"
"ansi:00485019","loc_00000945","20109"
"ansi:00485020","loc_00000946","20111"
"ansi:00485021","loc_00000947","20113"
"ansi:00485022","loc_00000948","20115"
"ansi:00485023","loc_00000949","20117"
"ansi:00485024","loc_00000950","20119"
"ansi:00485025","loc_00000951","20121"
"ansi:00485026","loc_00000952","20123"
"ansi:00485027","loc_00000953","20125"
"ansi:00485028","loc_00000954","20127"
"ansi:00485135","loc_00000955","20129"
"ansi:00485029","loc_00000956","20131"
"ansi:00485030","loc_00000957","20133"
"ansi:00485031","loc_00000958","20135"
"ansi:00485032","loc_00000959","20137"
"ansi:00485033","loc_00000960","20139"
"ansi:00485034","loc_00000961","20141"
"ansi:00485035","loc_00000962","20143"
"ansi:00485036","loc_00000963","20145"
"ansi:00485037","loc_00000964","20147"
"ansi:00485038","loc_00000965","20149"
"ansi:00485039","loc_00000966","20151"
"ansi:00485040","loc_00000967","20153"
"ansi:00485041","loc_00000968","20155"
"ansi:00485042","loc_00000969","20157"
"ansi:00485043","loc_00000970","20159"
"ansi:00485044","loc_00000971","20161"
"ansi:00485045","loc_00000972","20163"
"ansi:00485358","loc_00000973","20165"
"ansi:00485046","loc_00000974","20167"
"ansi:00485047","loc_00000975","20169"
"ansi:00485048","loc_00000976","20171"
"ansi:00485049","loc_00000977","20173"
"ansi:00485050","loc_00000978","20175"
"ansi:00485051","loc_00000979","20177"
"ansi:00485052","loc_00000980","20179"
"ansi:00485053","loc_00000981","20181"
"ansi:00484969","loc_00000982","20183"
"ansi:00485054","loc_00000983","20185"
"ansi:00485055","loc_00000984","20187"
"ansi:00485056","loc_00000985","20189"
"ansi:00481812","loc_00000986","20191"
"ansi:00485057","loc_00000987","20193"
"ansi:00485058","loc_00000988","20195"
"ansi:00485059","loc_00000989","20197"
"ansi:00485060","loc_00000990","20199"
"ansi:00485061","loc_00000991","20201"
"ansi:00485062","loc_00000992","20203"
"ansi:00485063","loc_00000993","20205"
"ansi:00485064","loc_00000994","20207"
"ansi:00485065","loc_00000995","20209"
"ansi:00516847","loc_00000996","21001"
"ansi:00516848","loc_00000997","21003"
"ansi:00516849","loc_00000998","21005"
"ansi:00516850","loc_00000999","21007"
"ansi:00516851","loc_00001000","21009"
"ansi:00516852","loc_00001001","21011"
"ansi:00516853","loc_00001002","21013"
"ansi:00516854","loc_00001003","21015"
"ansi:00516855","loc_00001004","21017"
"ansi:00516856","loc_00001005","21019"
"ansi:00516857","loc_00001006","21021"
"ansi:00516858","loc_00001007","21023"
"ansi:00516859","loc_00001008","21025"
"ansi:00516860","loc_00001009","21027"
"ansi:00516861","loc_00001010","21029"
"ansi:00516862","loc_00001011","21031"
"ansi:00516863","loc_00001012","21033"
"ansi:00516864","loc_00001013","21035"
"ansi:00516865","loc_00001014","21037"
"ansi:00516866","loc_00001015","21039"
"ansi:00516867","loc_00001016","21041"
"ansi:00516868","loc_00001017","21043"
"ansi:00516869","loc_00001018","21045"
"ansi:00516870","loc_00001019","21047"
"ansi:00516871","loc_00001020","21049"
"ansi:00516872","loc_00001021","21051"
"ansi:00516873","loc_00001022","21053"
"ansi:00516874","loc_00001023","21055"
"ansi:00516875","loc_00001024","21057"
"ansi:00516876","loc_00001025","21059"
"ansi:00516877","loc_00001026","21061"
"ansi:00516878","loc_00001027","21063"
"ansi:00516879","loc_00001028","21065"
"ansi:00516880","loc_00001029","21067"
"ansi:00516881","loc_00001030","21069"
"ansi:00516882","loc_00001031","21071"
"ansi:00516883","loc_00001032","21073"
"ansi:00516884","loc_00001033","21075"
"ansi:00516885","loc_00001034","21077"
"ansi:00516886","loc_00001035","21079"
"ansi:00516887","loc_00001036","21081"
"ansi:00516888","loc_00001037","21083"
"ansi:00516889","loc_00001038","21085"
"ansi:00516890","loc_00001039","21087"
"ansi:00516891","loc_00001040","21089"
"ansi:00516892","loc_00001041","21091"
"ansi:00516893","loc_00001042","21093"
"ansi:00516894","loc_00001043","21095"
"ansi:00516895","loc_00001044","21097"
"ansi:00516896","loc_00001045","21099"
"ansi:00516897","loc_00001046","21101"
"ansi:00516898","loc_00001047","21103"
"ansi:00516899","loc_00001048","21105"
"ansi:00516900","loc_00001049","21107"
"ansi:00516901","loc_00001050","21109"
"ansi:00516902","loc_00001051","21111"
"ansi:00516903","loc_00001052","21113"
"ansi:00516904","loc_00001053","21115"
"ansi:00516905","loc_00001054","21117"
"ansi:00516906","loc_00001055","21119"
"ansi:00516907","loc_00001056","21121"
"ansi:00516908","loc_00001057","21123"
"ansi:00516909","loc_00001058","21125"
"ansi:00516910","loc_00001059","21127"
"ansi:00516911","loc_00001060","21129"
"ansi:00516912","loc_00001061","21131"
"ansi:00516913","loc_00001062","21133"
"ansi:00516914","loc_00001063","21135"
"ansi:00516915","loc_00001064","21137"
"ansi:00516916","loc_00001065","21139"
"ansi:00516917","loc_00001066","21141"
"ansi:00516918","loc_00001067","21143"
"ansi:00516925","loc_00001068","21145"
"ansi:00516926","loc_00001069","21147"
"ansi:00516927","loc_00001070","21149"
"ansi:00516919","loc_00001071","21151"
"ansi:00516920","loc_00001072","21153"
"ansi:00516921","loc_00001073","21155"
"ansi:00516922","loc_00001074","21157"
"ansi:00516923","loc_00001075","21159"
"ansi:00516924","loc_00001076","21161"
"ansi:00516928","loc_00001077","21163"
"ansi:00516929","loc_00001078","21165"
"ansi:00516930","loc_00001079","21167"
"ansi:00516931","loc_00001080","21169"
"ansi:00516932","loc_00001081","21171"
"ansi:00516933","loc_00001082","21173"
"ansi:00516934","loc_00001083","21175"
"ansi:00516935","loc_00001084","21177"
"ansi:00516936","loc_00001085","21179"
"ansi:00516937","loc_00001086","21181"
"ansi:00516938","loc_00001087","21183"
"ansi:00516939","loc_00001088","21185"
"ansi:00516940","loc_00001089","21187"
"ansi:00516941","loc_00001090","21189"
"ansi:00516942","loc_00001091","21191"
"ansi:00516943","loc_00001092","21193"
"ansi:00516944","loc_00001093","21195"
"ansi:00516945","loc_00001094","21197"
"ansi:00516946","loc_00001095","21199"
"ansi:00516947","loc_00001096","21201"
"ansi:00516948","loc_00001097","21203"
"ansi:00516949","loc_00001098","21205"
"ansi:00516950","loc_00001099","21207"
"ansi:00516951","loc_00001100","21209"
"ansi:00516952","loc_00001101","21211"
"ansi:00516953","loc_00001102","21213"
"ansi:00516954","loc_00001103","21215"
"ansi:00516955","loc_00001104","21217"
"ansi:00516956","loc_00001105","21219"
"ansi:00516957","loc_00001106","21221"
"ansi:00516958","loc_00001107","21223"
"ansi:00516959","loc_00001108","21225"
"ansi:00516960","loc_00001109","21227"
"ansi:00516961","loc_00001110","21229"
"ansi:00516962","loc_00001111","21231"
"ansi:00516963","loc_00001112","21233"
"ansi:00516964","loc_00001113","21235"
"ansi:00516965","loc_00001114","21237"
"ansi:00516966","loc_00001115","21239"
"ansi:00558389","loc_00001116","22001"
"ansi:00558397","loc_00001117","22003"
"ansi:00558403","loc_00001118","22005"
"ansi:00558414","loc_00001119","22007"
"ansi:00558424","loc_00001120","22009"
"ansi:00558436","loc_00001121","22011"
"ansi:00558445","loc_00001122","22013"
"ansi:00558453","loc_00001123","22015"
"ansi:00558458","loc_00001124","22017"
"ansi:00558468","loc_00001125","22019"
"ansi:00558477","loc_00001126","22021"
"ansi:00558488","loc_00001127","22023"
"ansi:00558495","loc_00001128","22025"
"ansi:00558505","loc_00001129","22027"
"ansi:00558515","loc_00001130","22029"
"ansi:00558521","loc_00001131","22031"
"ansi:00558530","loc_00001132","22033"
"ansi:00558534","loc_00001133","22035"
"ansi:00558542","loc_00001134","22037"
"ansi:00558551","loc_00001135","22039"
"ansi:00558557","loc_00001136","22041"
"ansi:00558567","loc_00001137","22043"
"ansi:00558576","loc_00001138","22045"
"ansi:00558582","loc_00001139","22047"
"ansi:00558592","loc_00001140","22049"
"ansi:00558027","loc_00001141","22051"
"ansi:00558039","loc_00001142","22053"
"ansi:00558059","loc_00001143","22055"
"ansi:00558065","loc_00001144","22057"
"ansi:00558049","loc_00001145","22059"
"ansi:00558077","loc_00001146","22061"
"ansi:00558083","loc_00001147","22063"
"ansi:00558088","loc_00001148","22065"
"ansi:00558097","loc_00001149","22067"
"ansi:00558108","loc_00001150","22069"
"ansi:00558113","loc_00001151","22071"
"ansi:00558114","loc_00001152","22073"
"ansi:00558125","loc_00001153","22075"
"ansi:00559449","loc_00001154","22077"
"ansi:00559460","loc_00001155","22079"
"ansi:00559472","loc_00001156","22081"
"ansi:00559481","loc_00001157","22083"
"ansi:00559489","loc_00001158","22085"
"ansi:01629542","loc_00001159","22087"
"ansi:01629449","loc_00001160","22089"
"ansi:01629457","loc_00001161","22091"
"ansi:01629464","loc_00001162","22093"
"ansi:01629472","loc_00001163","22095"
"ansi:01629479","loc_00001164","22097"
"ansi:01629486","loc_00001165","22099"
"ansi:01629492","loc_00001166","22101"
"ansi:01629503","loc_00001167","22103"
"ansi:00559500","loc_00001168","22105"
"ansi:00559509","loc_00001169","22107"
"ansi:00559517","loc_00001170","22109"
"ansi:00559528","loc_00001171","22111"
"ansi:00559538","loc_00001172","22113"
"ansi:00559548","loc_00001173","22115"
"ansi:00559557","loc_00001174","22117"
"ansi:00559567","loc_00001175","22119"
"ansi:00559570","loc_00001176","22121"
"ansi:00559578","loc_00001177","22123"
"ansi:00559584","loc_00001178","22125"
"ansi:00559594","loc_00001179","22127"
"ansi:00581286","loc_00001180","23001"
"ansi:00581287","loc_00001181","23003"
"ansi:00581288","loc_00001182","23005"
"ansi:00581289","loc_00001183","23007"
"ansi:00581290","loc_00001184","23009"
"ansi:00581291","loc_00001185","23011"
"ansi:00581292","loc_00001186","23013"
"ansi:00581293","loc_00001187","23015"
"ansi:00581294","loc_00001188","23017"
"ansi:00581295","loc_00001189","23019"
"ansi:00581296","loc_00001190","23021"
"ansi:00581297","loc_00001191","23023"
"ansi:00581298","loc_00001192","23025"
"ansi:00581299","loc_00001193","23027"
"ansi:00581300","loc_00001194","23029"
"ansi:00581301","loc_00001195","23031"
"ansi:01713506","loc_00001196","24001"
"ansi:01710958","loc_00001197","24003"
"ansi:01695314","loc_00001198","24005"
"ansi:01676636","loc_00001199","24009"
"ansi:00595737","loc_00001200","24011"
"ansi:01696228","loc_00001201","24013"
"ansi:00596115","loc_00001202","24015"
"ansi:01676992","loc_00001203","24017"
"ansi:00596495","loc_00001204","24019"
"ansi:01711211","loc_00001205","24021"
"ansi:01711058","loc_00001206","24023"
"ansi:01698178","loc_00001207","24025"
"ansi:01709077","loc_00001208","24027"
"ansi:00593907","loc_00001209","24029"
"ansi:01712500","loc_00001210","24031"
"ansi:01714670","loc_00001211","24033"
"ansi:00596089","loc_00001212","24035"
"ansi:01697853","loc_00001213","24037"
"ansi:00596907","loc_00001214","24039"
"ansi:00592947","loc_00001215","24041"
"ansi:01714220","loc_00001216","24043"
"ansi:01668606","loc_00001217","24045"
"ansi:01668802","loc_00001218","24047"
"ansi:01702381","loc_00001219","24510"
"ansi:00606927","loc_00001220","25001"
"ansi:00606928","loc_00001221","25003"
"ansi:00606929","loc_00001222","25005"
"ansi:00606930","loc_00001223","25007"
"ansi:00606931","loc_00001224","25009"
"ansi:00606932","loc_00001225","25011"
"ansi:00606933","loc_00001226","25013"
"ansi:00606934","loc_00001227","25015"
"ansi:00606935","loc_00001228","25017"
"ansi:00606936","loc_00001229","25019"
"ansi:00606937","loc_00001230","25021"
"ansi:00606938","loc_00001231","25023"
"ansi:00606939","loc_00001232","25025"
"ansi:00606940","loc_00001233","25027"
"ansi:01622943","loc_00001234","26001"
"ansi:01622944","loc_00001235","26003"
"ansi:01622945","loc_00001236","26005"
"ansi:01622946","loc_00001237","26007"
"ansi:01622947","loc_00001238","26009"
"ansi:01622948","loc_00001239","26011"
"ansi:01622949","loc_00001240","26013"
"ansi:01622950","loc_00001241","26015"
"ansi:01622951","loc_00001242","26017"
"ansi:01622952","loc_00001243","26019"
"ansi:01622953","loc_00001244","26021"
"ansi:01622954","loc_00001245","26023"
"ansi:01622955","loc_00001246","26025"
"ansi:01622956","loc_00001247","26027"
"ansi:01622957","loc_00001248","26029"
"ansi:01622958","loc_00001249","26031"
"ansi:01622959","loc_00001250","26033"
"ansi:01622960","loc_00001251","26035"
"ansi:01622961","loc_00001252","26037"
"ansi:01622962","loc_00001253","26039"
"ansi:01622963","loc_00001254","26041"
"ansi:01622964","loc_00001255","26043"
"ansi:01622965","loc_00001256","26045"
"ansi:01622966","loc_00001257","26047"
"ansi:01622967","loc_00001258","26049"
"ansi:01622968","loc_00001259","26051"
"ansi:01622969","loc_00001260","26053"
"ansi:01622970","loc_00001261","26055"
"ansi:01622971","loc_00001262","26057"
"ansi:01622972","loc_00001263","26059"
"ansi:01622973","loc_00001264","26061"
"ansi:01622974","loc_00001265","26063"
"ansi:01622975","loc_00001266","26065"
"ansi:01622976","loc_00001267","26067"
"ansi:01622977","loc_00001268","26069"
"ansi:01622978","loc_00001269","26071"
"ansi:01622979","loc_00001270","26073"
"ansi:01622980","loc_00001271","26075"
"ansi:01622981","loc_00001272","26077"
"ansi:01622982","loc_00001273","26079"
"ansi:01622983","loc_00001274","26081"
"ansi:01622984","loc_00001275","26083"
"ansi:01622985","loc_00001276","26085"
"ansi:01622986","loc_00001277","26087"
"ansi:01622987","loc_00001278","26089"
"ansi:01622988","loc_00001279","26091"
"ansi:01622989","loc_00001280","26093"
"ansi:01622990","loc_00001281","26095"
"ansi:01622991","loc_00001282","26097"
"ansi:01622992","loc_00001283","26099"
"ansi:01622993","loc_00001284","26101"
"ansi:01622994","loc_00001285","26103"
"ansi:01622995","loc_00001286","26105"
"ansi:01622996","loc_00001287","26107"
"ansi:01622997","loc_00001288","26109"
"ansi:01622998","loc_00001289","26111"
"ansi:01622999","loc_00001290","26113"
"ansi:01623000","loc_00001291","26115"
"ansi:01623001","loc_00001292","26117"
"ansi:01623002","loc_00001293","26119"
"ansi:01623003","loc_00001294","26121"
"ansi:01623004","loc_00001295","26123"
"ansi:01623005","loc_00001296","26125"
"ansi:01623006","loc_00001297","26127"
"ansi:01623007","loc_00001298","26129"
"ansi:01623008","loc_00001299","26131"
"ansi:01623009","loc_00001300","26133"
"ansi:01623010","loc_00001301","26135"
"ansi:01623011","loc_00001302","26137"
"ansi:01623012","loc_00001303","26139"
"ansi:01623013","loc_00001304","26141"
"ansi:01623014","loc_00001305","26143"
"ansi:01623015","loc_00001306","26145"
"ansi:01625033","loc_00001307","26147"
"ansi:01625034","loc_00001308","26149"
"ansi:01623016","loc_00001309","26151"
"ansi:01623017","loc_00001310","26153"
"ansi:01623018","loc_00001311","26155"
"ansi:01623019","loc_00001312","26157"
"ansi:01623020","loc_00001313","26159"
"ansi:01623021","loc_00001314","26161"
"ansi:01623022","loc_00001315","26163"
"ansi:01623023","loc_00001316","26165"
"ansi:00663198","loc_00001317","27001"
"ansi:00659447","loc_00001318","27003"
"ansi:00659448","loc_00001319","27005"
"ansi:00659449","loc_00001320","27007"
"ansi:00659450","loc_00001321","27009"
"ansi:00659451","loc_00001322","27011"
"ansi:00659452","loc_00001323","27013"
"ansi:00659453","loc_00001324","27015"
"ansi:00659454","loc_00001325","27017"
"ansi:00659455","loc_00001326","27019"
"ansi:00659456","loc_00001327","27021"
"ansi:00659457","loc_00001328","27023"
"ansi:00659458","loc_00001329","27025"
"ansi:00659459","loc_00001330","27027"
"ansi:00659460","loc_00001331","27029"
"ansi:00659461","loc_00001332","27031"
"ansi:00659462","loc_00001333","27033"
"ansi:00659463","loc_00001334","27035"
"ansi:00659464","loc_00001335","27037"
"ansi:00659465","loc_00001336","27039"
"ansi:00659466","loc_00001337","27041"
"ansi:00659467","loc_00001338","27043"
"ansi:00659468","loc_00001339","27045"
"ansi:00659469","loc_00001340","27047"
"ansi:00659470","loc_00001341","27049"
"ansi:00659471","loc_00001342","27051"
"ansi:00659472","loc_00001343","27053"
"ansi:00659473","loc_00001344","27055"
"ansi:00659474","loc_00001345","27057"
"ansi:00659475","loc_00001346","27059"
"ansi:00659476","loc_00001347","27061"
"ansi:00659477","loc_00001348","27063"
"ansi:00659478","loc_00001349","27065"
"ansi:00659479","loc_00001350","27067"
"ansi:00659480","loc_00001351","27069"
"ansi:00659481","loc_00001352","27071"
"ansi:00659482","loc_00001353","27073"
"ansi:00659484","loc_00001354","27075"
"ansi:00659483","loc_00001355","27077"
"ansi:00659485","loc_00001356","27079"
"ansi:00659486","loc_00001357","27081"
"ansi:00659487","loc_00001358","27083"
"ansi:00659491","loc_00001359","27085"
"ansi:00659488","loc_00001360","27087"
"ansi:00659489","loc_00001361","27089"
"ansi:00659490","loc_00001362","27091"
"ansi:00659492","loc_00001363","27093"
"ansi:00659493","loc_00001364","27095"
"ansi:00659494","loc_00001365","27097"
"ansi:00659495","loc_00001366","27099"
"ansi:00659496","loc_00001367","27101"
"ansi:00659497","loc_00001368","27103"
"ansi:00659498","loc_00001369","27105"
"ansi:00659499","loc_00001370","27107"
"ansi:00659500","loc_00001371","27109"
"ansi:00659501","loc_00001372","27111"
"ansi:00659502","loc_00001373","27113"
"ansi:00659503","loc_00001374","27115"
"ansi:00659504","loc_00001375","27117"
"ansi:00659505","loc_00001376","27119"
"ansi:00659506","loc_00001377","27121"
"ansi:00659507","loc_00001378","27123"
"ansi:00659508","loc_00001379","27125"
"ansi:00659509","loc_00001380","27127"
"ansi:00659510","loc_00001381","27129"
"ansi:00659511","loc_00001382","27131"
"ansi:00659512","loc_00001383","27133"
"ansi:00659513","loc_00001384","27135"
"ansi:00662850","loc_00001385","27137"
"ansi:00659514","loc_00001386","27139"
"ansi:00659515","loc_00001387","27141"
"ansi:00659516","loc_00001388","27143"
"ansi:00659517","loc_00001389","27145"
"ansi:00659518","loc_00001390","27147"
"ansi:00659519","loc_00001391","27149"
"ansi:00659520","loc_00001392","27151"
"ansi:00659521","loc_00001393","27153"
"ansi:00659522","loc_00001394","27155"
"ansi:00659523","loc_00001395","27157"
"ansi:00659524","loc_00001396","27159"
"ansi:00659525","loc_00001397","27161"
"ansi:00659526","loc_00001398","27163"
"ansi:00659527","loc_00001399","27165"
"ansi:00659528","loc_00001400","27167"
"ansi:00659529","loc_00001401","27169"
"ansi:00659530","loc_00001402","27171"
"ansi:00659531","loc_00001403","27173"
"ansi:00695726","loc_00001404","28001"
"ansi:00711755","loc_00001405","28003"
"ansi:00695727","loc_00001406","28005"
"ansi:00695728","loc_00001407","28007"
"ansi:00695729","loc_00001408","28009"
"ansi:00695730","loc_00001409","28011"
"ansi:00695731","loc_00001410","28013"
"ansi:00695732","loc_00001411","28015"
"ansi:00695733","loc_00001412","28017"
"ansi:00695734","loc_00001413","28019"
"ansi:00695735","loc_00001414","28021"
"ansi:00695736","loc_00001415","28023"
"ansi:00695737","loc_00001416","28025"
"ansi:00695738","loc_00001417","28027"
"ansi:00695739","loc_00001418","28029"
"ansi:00695740","loc_00001419","28031"
"ansi:00695741","loc_00001420","28033"
"ansi:00695742","loc_00001421","28035"
"ansi:00695743","loc_00001422","28037"
"ansi:00695744","loc_00001423","28039"
"ansi:00695745","loc_00001424","28041"
"ansi:00695746","loc_00001425","28043"
"ansi:00711756","loc_00001426","28045"
"ansi:00695747","loc_00001427","28047"
"ansi:00695748","loc_00001428","28049"
"ansi:00695749","loc_00001429","28051"
"ansi:00695750","loc_00001430","28053"
"ansi:00695751","loc_00001431","28055"
"ansi:00695752","loc_00001432","28057"
"ansi:00695753","loc_00001433","28059"
"ansi:00695754","loc_00001434","28061"
"ansi:00695755","loc_00001435","28063"
"ansi:00695756","loc_00001436","28065"
"ansi:00695757","loc_00001437","28067"
"ansi:00695758","loc_00001438","28069"
"ansi:00695759","loc_00001439","28071"
"ansi:00695760","loc_00001440","28073"
"ansi:00695761","loc_00001441","28075"
"ansi:00695762","loc_00001442","28077"
"ansi:00695763","loc_00001443","28079"
"ansi:00695764","loc_00001444","28081"
"ansi:00695765","loc_00001445","28083"
"ansi:00695766","loc_00001446","28085"
"ansi:00695767","loc_00001447","28087"
"ansi:00695768","loc_00001448","28089"
"ansi:00695769","loc_00001449","28091"
"ansi:00695770","loc_00001450","28093"
"ansi:00695771","loc_00001451","28095"
"ansi:00711757","loc_00001452","28097"
"ansi:00695772","loc_00001453","28099"
"ansi:00695773","loc_00001454","28101"
"ansi:00695774","loc_00001455","28103"
"ansi:00695775","loc_00001456","28105"
"ansi:00695776","loc_00001457","28107"
"ansi:00695777","loc_00001458","28109"
"ansi:00695778","loc_00001459","28111"
"ansi:00711758","loc_00001460","28113"
"ansi:00695803","loc_00001461","28115"
"ansi:00695779","loc_00001462","28117"
"ansi:00695780","loc_00001463","28119"
"ansi:00695781","loc_00001464","28121"
"ansi:00695782","loc_00001465","28123"
"ansi:00695783","loc_00001466","28125"
"ansi:00695784","loc_00001467","28127"
"ansi:00695785","loc_00001468","28129"
"ansi:00695786","loc_00001469","28131"
"ansi:00695787","loc_00001470","28133"
"ansi:00695788","loc_00001471","28135"
"ansi:00695789","loc_00001472","28137"
"ansi:00695790","loc_00001473","28139"
"ansi:00695791","loc_00001474","28141"
"ansi:00695792","loc_00001475","28143"
"ansi:00695793","loc_00001476","28145"
"ansi:00695794","loc_00001477","28147"
"ansi:00695795","loc_00001478","28149"
"ansi:00695796","loc_00001479","28151"
"ansi:00695797","loc_00001480","28153"
"ansi:00695798","loc_00001481","28155"
"ansi:00695799","loc_00001482","28157"
"ansi:00695800","loc_00001483","28159"
"ansi:00695801","loc_00001484","28161"
"ansi:00695802","loc_00001485","28163"
"ansi:00765805","loc_00001486","29001"
"ansi:00758456","loc_00001487","29003"
"ansi:00758457","loc_00001488","29005"
"ansi:00758458","loc_00001489","29007"
"ansi:00758459","loc_00001490","29009"
"ansi:00758460","loc_00001491","29011"
"ansi:00758461","loc_00001492","29013"
"ansi:00758462","loc_00001493","29015"
"ansi:00758463","loc_00001494","29017"
"ansi:00758464","loc_00001495","29019"
"ansi:00758465","loc_00001496","29021"
"ansi:00758466","loc_00001497","29023"
"ansi:00758467","loc_00001498","29025"
"ansi:00758468","loc_00001499","29027"
"ansi:00758469","loc_00001500","29029"
"ansi:00758470","loc_00001501","29031"
"ansi:00758471","loc_00001502","29033"
"ansi:00758472","loc_00001503","29035"
"ansi:00758473","loc_00001504","29037"
"ansi:00758474","loc_00001505","29039"
"ansi:00758475","loc_00001506","29041"
"ansi:00758476","loc_00001507","29043"
"ansi:00758477","loc_00001508","29045"
"ansi:00758478","loc_00001509","29047"
"ansi:00758479","loc_00001510","29049"
"ansi:00758480","loc_00001511","29051"
"ansi:00758481","loc_00001512","29053"
"ansi:00758482","loc_00001513","29055"
"ansi:00758483","loc_00001514","29057"
"ansi:00758484","loc_00001515","29059"
"ansi:00758485","loc_00001516","29061"
"ansi:00758486","loc_00001517","29063"
"ansi:00758487","loc_00001518","29065"
"ansi:00758488","loc_00001519","29067"
"ansi:00758489","loc_00001520","29069"
"ansi:00758490","loc_00001521","29071"
"ansi:00758491","loc_00001522","29073"
"ansi:00758492","loc_00001523","29075"
"ansi:00758493","loc_00001524","29077"
"ansi:00758494","loc_00001525","29079"
"ansi:00758495","loc_00001526","29081"
"ansi:00758496","loc_00001527","29083"
"ansi:00758497","loc_00001528","29085"
"ansi:00758498","loc_00001529","29087"
"ansi:00758499","loc_00001530","29089"
"ansi:00758500","loc_00001531","29091"
"ansi:00758501","loc_00001532","29093"
"ansi:00758502","loc_00001533","29095"
"ansi:00758503","loc_00001534","29097"
"ansi:00758504","loc_00001535","29099"
"ansi:00758505","loc_00001536","29101"
"ansi:00758506","loc_00001537","29103"
"ansi:00758507","loc_00001538","29105"
"ansi:00758508","loc_00001539","29107"
"ansi:00758509","loc_00001540","29109"
"ansi:00758510","loc_00001541","29111"
"ansi:00758511","loc_00001542","29113"
"ansi:00758512","loc_00001543","29115"
"ansi:00758513","loc_00001544","29117"
"ansi:00758518","loc_00001545","29119"
"ansi:00758514","loc_00001546","29121"
"ansi:00758515","loc_00001547","29123"
"ansi:00758516","loc_00001548","29125"
"ansi:00758517","loc_00001549","29127"
"ansi:00758519","loc_00001550","29129"
"ansi:00758520","loc_00001551","29131"
"ansi:00758521","loc_00001552","29133"
"ansi:00758522","loc_00001553","29135"
"ansi:00758523","loc_00001554","29137"
"ansi:00758524","loc_00001555","29139"
"ansi:00758525","loc_00001556","29141"
"ansi:00758526","loc_00001557","29143"
"ansi:00758527","loc_00001558","29145"
"ansi:00758528","loc_00001559","29147"
"ansi:00758529","loc_00001560","29149"
"ansi:00758530","loc_00001561","29151"
"ansi:00758531","loc_00001562","29153"
"ansi:00758532","loc_00001563","29155"
"ansi:00758533","loc_00001564","29157"
"ansi:00758534","loc_00001565","29159"
"ansi:00758535","loc_00001566","29161"
"ansi:00758536","loc_00001567","29163"
"ansi:00758537","loc_00001568","29165"
"ansi:00758538","loc_00001569","29167"
"ansi:00758539","loc_00001570","29169"
"ansi:00758540","loc_00001571","29171"
"ansi:00758541","loc_00001572","29173"
"ansi:00758542","loc_00001573","29175"
"ansi:00758543","loc_00001574","29177"
"ansi:00758544","loc_00001575","29179"
"ansi:00758545","loc_00001576","29181"
"ansi:00758546","loc_00001577","29183"
"ansi:00758547","loc_00001578","29185"
"ansi:00765806","loc_00001579","29186"
"ansi:00758548","loc_00001580","29187"
"ansi:00758549","loc_00001581","29189"
"ansi:00758550","loc_00001582","29195"
"ansi:00758551","loc_00001583","29197"
"ansi:00758552","loc_00001584","29199"
"ansi:00758553","loc_00001585","29201"
"ansi:00758554","loc_00001586","29203"
"ansi:00758555","loc_00001587","29205"
"ansi:00758556","loc_00001588","29207"
"ansi:00758557","loc_00001589","29209"
"ansi:00758558","loc_00001590","29211"
"ansi:00758559","loc_00001591","29213"
"ansi:00758560","loc_00001592","29215"
"ansi:00758561","loc_00001593","29217"
"ansi:00758562","loc_00001594","29219"
"ansi:00758563","loc_00001595","29221"
"ansi:00758564","loc_00001596","29223"
"ansi:00758565","loc_00001597","29225"
"ansi:00758566","loc_00001598","29227"
"ansi:00758567","loc_00001599","29229"
"ansi:00767557","loc_00001600","29510"
"ansi:01719627","loc_00001601","30001"
"ansi:01716521","loc_00001602","30003"
"ansi:01722470","loc_00001603","30005"
"ansi:01719625","loc_00001604","30007"
"ansi:01720111","loc_00001605","30009"
"ansi:01688746","loc_00001606","30011"
"ansi:01719622","loc_00001607","30013"
"ansi:01719619","loc_00001608","30015"
"ansi:01720109","loc_00001609","30017"
"ansi:01637566","loc_00001610","30019"
"ansi:01715632","loc_00001611","30021"
"ansi:01719617","loc_00001612","30023"
"ansi:01688745","loc_00001613","30025"
"ansi:01719614","loc_00001614","30027"
"ansi:01719611","loc_00001615","30029"
"ansi:01720053","loc_00001616","30031"
"ansi:01716058","loc_00001617","30033"
"ansi:01719607","loc_00001618","30035"
"ansi:01723078","loc_00001619","30037"
"ansi:01719605","loc_00001620","30039"
"ansi:01720048","loc_00001621","30041"
"ansi:01720045","loc_00001622","30043"
"ansi:01719602","loc_00001623","30045"
"ansi:01796943","loc_00001624","30047"
"ansi:00793926","loc_00001625","30049"
"ansi:01720036","loc_00001626","30051"
"ansi:01720038","loc_00001627","30053"
"ansi:01716270","loc_00001628","30055"
"ansi:01720033","loc_00001629","30057"
"ansi:01719600","loc_00001630","30059"
"ansi:01720030","loc_00001631","30061"
"ansi:01719596","loc_00001632","30063"
"ansi:01719593","loc_00001633","30065"
"ansi:01720027","loc_00001634","30067"
"ansi:01719590","loc_00001635","30069"
"ansi:01720023","loc_00001636","30071"
"ansi:01719587","loc_00001637","30073"
"ansi:01719584","loc_00001638","30075"
"ansi:01720021","loc_00001639","30077"
"ansi:01715847","loc_00001640","30079"
"ansi:01719582","loc_00001641","30081"
"ansi:01715338","loc_00001642","30083"
"ansi:01669428","loc_00001643","30085"
"ansi:01716795","loc_00001644","30087"
"ansi:01719578","loc_00001645","30089"
"ansi:01677577","loc_00001646","30091"
"ansi:01719575","loc_00001647","30093"
"ansi:01719572","loc_00001648","30095"
"ansi:01719569","loc_00001649","30097"
"ansi:01720018","loc_00001650","30099"
"ansi:01719566","loc_00001651","30101"
"ansi:01719563","loc_00001652","30103"
"ansi:01678923","loc_00001653","30105"
"ansi:01719560","loc_00001654","30107"
"ansi:01696629","loc_00001655","30109"
"ansi:01719558","loc_00001656","30111"
"ansi:00835823","loc_00001657","31001"
"ansi:00835824","loc_00001658","31003"
"ansi:00835825","loc_00001659","31005"
"ansi:00835826","loc_00001660","31007"
"ansi:00835827","loc_00001661","31009"
"ansi:00835828","loc_00001662","31011"
"ansi:00835991","loc_00001663","31013"
"ansi:00835829","loc_00001664","31015"
"ansi:00835830","loc_00001665","31017"
"ansi:00835831","loc_00001666","31019"
"ansi:00835832","loc_00001667","31021"
"ansi:00835833","loc_00001668","31023"
"ansi:00835834","loc_00001669","31025"
"ansi:00835835","loc_00001670","31027"
"ansi:00835836","loc_00001671","31029"
"ansi:00835837","loc_00001672","31031"
"ansi:00835838","loc_00001673","31033"
"ansi:00835839","loc_00001674","31035"
"ansi:00835840","loc_00001675","31037"
"ansi:00835841","loc_00001676","31039"
"ansi:00835842","loc_00001677","31041"
"ansi:00835843","loc_00001678","31043"
"ansi:00835844","loc_00001679","31045"
"ansi:00835845","loc_00001680","31047"
"ansi:00835846","loc_00001681","31049"
"ansi:00835847","loc_00001682","31051"
"ansi:00835848","loc_00001683","31053"
"ansi:00835849","loc_00001684","31055"
"ansi:00835850","loc_00001685","31057"
"ansi:00835851","loc_00001686","31059"
"ansi:00835852","loc_00001687","31061"
"ansi:00835853","loc_00001688","31063"
"ansi:00835854","loc_00001689","31065"
"ansi:00835855","loc_00001690","31067"
"ansi:00835856","loc_00001691","31069"
"ansi:00835857","loc_00001692","31071"
"ansi:00835858","loc_00001693","31073"
"ansi:00835859","loc_00001694","31075"
"ansi:00835860","loc_00001695","31077"
"ansi:00835861","loc_00001696","31079"
"ansi:00835862","loc_00001697","31081"
"ansi:00835863","loc_00001698","31083"
"ansi:00835864","loc_00001699","31085"
"ansi:00835865","loc_00001700","31087"
"ansi:00835866","loc_00001701","31089"
"ansi:00835867","loc_00001702","31091"
"ansi:00835868","loc_00001703","31093"
"ansi:00835869","loc_00001704","31095"
"ansi:00835870","loc_00001705","31097"
"ansi:00835871","loc_00001706","31099"
"ansi:00835872","loc_00001707","31101"
"ansi:00835873","loc_00001708","31103"
"ansi:00835874","loc_00001709","31105"
"ansi:00835875","loc_00001710","31107"
"ansi:00835876","loc_00001711","31109"
"ansi:00835877","loc_00001712","31111"
"ansi:00835878","loc_00001713","31113"
"ansi:00835879","loc_00001714","31115"
"ansi:00835881","loc_00001715","31117"
"ansi:00835880","loc_00001716","31119"
"ansi:00835882","loc_00001717","31121"
"ansi:00835883","loc_00001718","31123"
"ansi:00835884","loc_00001719","31125"
"ansi:00835885","loc_00001720","31127"
"ansi:00835886","loc_00001721","31129"
"ansi:00835887","loc_00001722","31131"
"ansi:00835888","loc_00001723","31133"
"ansi:00835889","loc_00001724","31135"
"ansi:00835890","loc_00001725","31137"
"ansi:00835891","loc_00001726","31139"
"ansi:00835892","loc_00001727","31141"
"ansi:00835893","loc_00001728","31143"
"ansi:00835894","loc_00001729","31145"
"ansi:00835895","loc_00001730","31147"
"ansi:00835896","loc_00001731","31149"
"ansi:00835897","loc_00001732","31151"
"ansi:00835898","loc_00001733","31153"
"ansi:00835899","loc_00001734","31155"
"ansi:00835900","loc_00001735","31157"
"ansi:00835901","loc_00001736","31159"
"ansi:00835902","loc_00001737","31161"
"ansi:00835903","loc_00001738","31163"
"ansi:00835904","loc_00001739","31165"
"ansi:00835905","loc_00001740","31167"
"ansi:00835906","loc_00001741","31169"
"ansi:00835907","loc_00001742","31171"
"ansi:00835908","loc_00001743","31173"
"ansi:00835909","loc_00001744","31175"
"ansi:00835910","loc_00001745","31177"
"ansi:00835911","loc_00001746","31179"
"ansi:00835912","loc_00001747","31181"
"ansi:00835913","loc_00001748","31183"
"ansi:00835914","loc_00001749","31185"
"ansi:00858638","loc_00001750","32001"
"ansi:00863600","loc_00001751","32003"
"ansi:00858643","loc_00001752","32005"
"ansi:00857664","loc_00001753","32007"
"ansi:00858641","loc_00001754","32009"
"ansi:00858640","loc_00001755","32011"
"ansi:00863310","loc_00001756","32013"
"ansi:00863368","loc_00001757","32015"
"ansi:00863992","loc_00001758","32017"
"ansi:00858645","loc_00001759","32019"
"ansi:00858644","loc_00001760","32021"
"ansi:00863599","loc_00001761","32023"
"ansi:00858646","loc_00001762","32027"
"ansi:00858642","loc_00001763","32029"
"ansi:00858608","loc_00001764","32031"
"ansi:00858615","loc_00001765","32033"
"ansi:00863219","loc_00001766","32510"
"ansi:00873174","loc_00001767","33001"
"ansi:00873175","loc_00001768","33003"
"ansi:00873176","loc_00001769","33005"
"ansi:00873177","loc_00001770","33007"
"ansi:00873178","loc_00001771","33009"
"ansi:00873179","loc_00001772","33011"
"ansi:00873180","loc_00001773","33013"
"ansi:00873181","loc_00001774","33015"
"ansi:00873182","loc_00001775","33017"
"ansi:00873183","loc_00001776","33019"
"ansi:00882270","loc_00001777","34001"
"ansi:00882271","loc_00001778","34003"
"ansi:00882272","loc_00001779","34005"
"ansi:00882273","loc_00001780","34007"
"ansi:00882274","loc_00001781","34009"
"ansi:00882275","loc_00001782","34011"
"ansi:00882276","loc_00001783","34013"
"ansi:00882277","loc_00001784","34015"
"ansi:00882278","loc_00001785","34017"
"ansi:00882228","loc_00001786","34019"
"ansi:00882229","loc_00001787","34021"
"ansi:00882230","loc_00001788","34023"
"ansi:00882910","loc_00001789","34025"
"ansi:00882231","loc_00001790","34027"
"ansi:00882279","loc_00001791","34029"
"ansi:00882232","loc_00001792","34031"
"ansi:00882233","loc_00001793","34033"
"ansi:00882234","loc_00001794","34035"
"ansi:00882236","loc_00001795","34037"
"ansi:00882235","loc_00001796","34039"
"ansi:00882237","loc_00001797","34041"
"ansi:01702363","loc_00001798","35001"
"ansi:00929108","loc_00001799","35003"
"ansi:01702364","loc_00001800","35005"
"ansi:00933051","loc_00001801","35006"
"ansi:00929117","loc_00001802","35007"
"ansi:00933053","loc_00001803","35009"
"ansi:00933054","loc_00001804","35011"
"ansi:00929109","loc_00001805","35013"
"ansi:00936829","loc_00001806","35015"
"ansi:00915980","loc_00001807","35017"
"ansi:00929111","loc_00001808","35019"
"ansi:00933055","loc_00001809","35021"
"ansi:00929106","loc_00001810","35023"
"ansi:01702365","loc_00001811","35025"
"ansi:00929116","loc_00001812","35027"
"ansi:01702366","loc_00001813","35028"
"ansi:00933057","loc_00001814","35029"
"ansi:00929107","loc_00001815","35031"
"ansi:01702367","loc_00001816","35033"
"ansi:00929104","loc_00001817","35035"
"ansi:00929110","loc_00001818","35037"
"ansi:01702368","loc_00001819","35039"
"ansi:01702369","loc_00001820","35041"
"ansi:00929113","loc_00001821","35043"
"ansi:00936844","loc_00001822","35045"
"ansi:00929114","loc_00001823","35047"
"ansi:00933322","loc_00001824","35049"
"ansi:01702370","loc_00001825","35051"
"ansi:01702371","loc_00001826","35053"
"ansi:00933056","loc_00001827","35055"
"ansi:00929112","loc_00001828","35057"
"ansi:00929115","loc_00001829","35059"
"ansi:00933052","loc_00001830","35061"
"ansi:00974099","loc_00001831","36001"
"ansi:00974100","loc_00001832","36003"
"ansi:00974101","loc_00001833","36005"
"ansi:00974102","loc_00001834","36007"
"ansi:00974103","loc_00001835","36009"
"ansi:00974104","loc_00001836","36011"
"ansi:00974105","loc_00001837","36013"
"ansi:00974106","loc_00001838","36015"
"ansi:00974107","loc_00001839","36017"
"ansi:00974108","loc_00001840","36019"
"ansi:00974109","loc_00001841","36021"
"ansi:00974110","loc_00001842","36023"
"ansi:00974111","loc_00001843","36025"
"ansi:00974112","loc_00001844","36027"
"ansi:00974113","loc_00001845","36029"
"ansi:00974114","loc_00001846","36031"
"ansi:00974115","loc_00001847","36033"
"ansi:00974116","loc_00001848","36035"
"ansi:00974117","loc_00001849","36037"
"ansi:00974118","loc_00001850","36039"
"ansi:00974119","loc_00001851","36041"
"ansi:00974120","loc_00001852","36043"
"ansi:00974121","loc_00001853","36045"
"ansi:00974122","loc_00001854","36047"
"ansi:00974123","loc_00001855","36049"
"ansi:00974124","loc_00001856","36051"
"ansi:00974125","loc_00001857","36053"
"ansi:00974126","loc_00001858","36055"
"ansi:00974127","loc_00001859","36057"
"ansi:00974128","loc_00001860","36059"
"ansi:00974129","loc_00001861","36061"
"ansi:00974130","loc_00001862","36063"
"ansi:00974131","loc_00001863","36065"
"ansi:00974132","loc_00001864","36067"
"ansi:00974133","loc_00001865","36069"
"ansi:00974134","loc_00001866","36071"
"ansi:00974135","loc_00001867","36073"
"ansi:00974136","loc_00001868","36075"
"ansi:00974137","loc_00001869","36077"
"ansi:00974138","loc_00001870","36079"
"ansi:00974139","loc_00001871","36081"
"ansi:00974140","loc_00001872","36083"
"ansi:00974141","loc_00001873","36085"
"ansi:00974142","loc_00001874","36087"
"ansi:00977309","loc_00001875","36089"
"ansi:00974143","loc_00001876","36091"
"ansi:00974144","loc_00001877","36093"
"ansi:00974145","loc_00001878","36095"
"ansi:00974146","loc_00001879","36097"
"ansi:00974147","loc_00001880","36099"
"ansi:00974148","loc_00001881","36101"
"ansi:00974149","loc_00001882","36103"
"ansi:00974150","loc_00001883","36105"
"ansi:00974151","loc_00001884","36107"
"ansi:00974152","loc_00001885","36109"
"ansi:00974153","loc_00001886","36111"
"ansi:00974154","loc_00001887","36113"
"ansi:00974155","loc_00001888","36115"
"ansi:00974156","loc_00001889","36117"
"ansi:00974157","loc_00001890","36119"
"ansi:00974158","loc_00001891","36121"
"ansi:00974159","loc_00001892","36123"
"ansi:01008531","loc_00001893","37001"
"ansi:01008532","loc_00001894","37003"
"ansi:01008533","loc_00001895","37005"
"ansi:01008534","loc_00001896","37007"
"ansi:01008535","loc_00001897","37009"
"ansi:01008536","loc_00001898","37011"
"ansi:01026333","loc_00001899","37013"
"ansi:01026334","loc_00001900","37015"
"ansi:01026336","loc_00001901","37017"
"ansi:01026340","loc_00001902","37019"
"ansi:01008538","loc_00001903","37021"
"ansi:01008539","loc_00001904","37023"
"ansi:01008540","loc_00001905","37025"
"ansi:01008541","loc_00001906","37027"
"ansi:01026335","loc_00001907","37029"
"ansi:01026337","loc_00001908","37031"
"ansi:01008542","loc_00001909","37033"
"ansi:01008543","loc_00001910","37035"
"ansi:01008544","loc_00001911","37037"
"ansi:01008545","loc_00001912","37039"
"ansi:01025822","loc_00001913","37041"
"ansi:01008546","loc_00001914","37043"
"ansi:01008547","loc_00001915","37045"
"ansi:01026339","loc_00001916","37047"
"ansi:01026123","loc_00001917","37049"
"ansi:01026124","loc_00001918","37051"
"ansi:01026125","loc_00001919","37053"
"ansi:01026133","loc_00001920","37055"
"ansi:01008548","loc_00001921","37057"
"ansi:01008549","loc_00001922","37059"
"ansi:01026132","loc_00001923","37061"
"ansi:01008550","loc_00001924","37063"
"ansi:01008551","loc_00001925","37065"
"ansi:01008552","loc_00001926","37067"
"ansi:01008553","loc_00001927","37069"
"ansi:01008554","loc_00001928","37071"
"ansi:01026126","loc_00001929","37073"
"ansi:01008555","loc_00001930","37075"
"ansi:01008556","loc_00001931","37077"
"ansi:01008557","loc_00001932","37079"
"ansi:01008558","loc_00001933","37081"
"ansi:01008559","loc_00001934","37083"
"ansi:01008560","loc_00001935","37085"
"ansi:01008561","loc_00001936","37087"
"ansi:01008562","loc_00001937","37089"
"ansi:01026127","loc_00001938","37091"
"ansi:01008563","loc_00001939","37093"
"ansi:01008564","loc_00001940","37095"
"ansi:01008565","loc_00001941","37097"
"ansi:01008566","loc_00001942","37099"
"ansi:01026327","loc_00001943","37101"
"ansi:01026338","loc_00001944","37103"
"ansi:01008567","loc_00001945","37105"
"ansi:01008568","loc_00001946","37107"
"ansi:01008569","loc_00001947","37109"
"ansi:01025836","loc_00001948","37111"
"ansi:01025833","loc_00001949","37113"
"ansi:01025834","loc_00001950","37115"
"ansi:01026328","loc_00001951","37117"
"ansi:01008570","loc_00001952","37119"
"ansi:01008571","loc_00001953","37121"
"ansi:01008572","loc_00001954","37123"
"ansi:01008573","loc_00001955","37125"
"ansi:01008574","loc_00001956","37127"
"ansi:01026329","loc_00001957","37129"
"ansi:01008575","loc_00001958","37131"
"ansi:01026341","loc_00001959","37133"
"ansi:01008576","loc_00001960","37135"
"ansi:01023355","loc_00001961","37137"
"ansi:01026330","loc_00001962","37139"
"ansi:01026129","loc_00001963","37141"
"ansi:01025841","loc_00001964","37143"
"ansi:01008577","loc_00001965","37145"
"ansi:01008578","loc_00001966","37147"
"ansi:01008579","loc_00001967","37149"
"ansi:01008580","loc_00001968","37151"
"ansi:01008581","loc_00001969","37153"
"ansi:01026130","loc_00001970","37155"
"ansi:01008582","loc_00001971","37157"
"ansi:01008583","loc_00001972","37159"
"ansi:01008584","loc_00001973","37161"
"ansi:01026131","loc_00001974","37163"
"ansi:01008585","loc_00001975","37165"
"ansi:01025844","loc_00001976","37167"
"ansi:01008586","loc_00001977","37169"
"ansi:01008587","loc_00001978","37171"
"ansi:01008588","loc_00001979","37173"
"ansi:01008589","loc_00001980","37175"
"ansi:01026332","loc_00001981","37177"
"ansi:01008590","loc_00001982","37179"
"ansi:01008591","loc_00001983","37181"
"ansi:01008592","loc_00001984","37183"
"ansi:01008593","loc_00001985","37185"
"ansi:01026331","loc_00001986","37187"
"ansi:01008594","loc_00001987","37189"
"ansi:01026128","loc_00001988","37191"
"ansi:01008595","loc_00001989","37193"
"ansi:01008596","loc_00001990","37195"
"ansi:01008597","loc_00001991","37197"
"ansi:01008598","loc_00001992","37199"
"ansi:01034210","loc_00001993","38001"
"ansi:01034225","loc_00001994","38003"
"ansi:01034216","loc_00001995","38005"
"ansi:01035616","loc_00001996","38007"
"ansi:01034227","loc_00001997","38009"
"ansi:01035619","loc_00001998","38011"
"ansi:01034235","loc_00001999","38013"
"ansi:01035614","loc_00002000","38015"
"ansi:01034226","loc_00002001","38017"
"ansi:01035304","loc_00002002","38019"
"ansi:01035622","loc_00002003","38021"
"ansi:01034234","loc_00002004","38023"
"ansi:01035623","loc_00002005","38025"
"ansi:01034222","loc_00002006","38027"
"ansi:01035615","loc_00002007","38029"
"ansi:01034223","loc_00002008","38031"
"ansi:01035617","loc_00002009","38033"
"ansi:01034218","loc_00002010","38035"
"ansi:01035300","loc_00002011","38037"
"ansi:01034219","loc_00002012","38039"
"ansi:01034209","loc_00002013","38041"
"ansi:01034206","loc_00002014","38043"
"ansi:01035621","loc_00002015","38045"
"ansi:01035620","loc_00002016","38047"
"ansi:01035305","loc_00002017","38049"
"ansi:01034211","loc_00002018","38051"
"ansi:01035299","loc_00002019","38053"
"ansi:01034232","loc_00002020","38055"
"ansi:01034233","loc_00002021","38057"
"ansi:01034207","loc_00002022","38059"
"ansi:01035307","loc_00002023","38061"
"ansi:01034217","loc_00002024","38063"
"ansi:01034205","loc_00002025","38065"
"ansi:01034212","loc_00002026","38067"
"ansi:01034230","loc_00002027","38069"
"ansi:01034215","loc_00002028","38071"
"ansi:01035301","loc_00002029","38073"
"ansi:01034229","loc_00002030","38075"
"ansi:01035302","loc_00002031","38077"
"ansi:01034228","loc_00002032","38079"
"ansi:01035303","loc_00002033","38081"
"ansi:01034203","loc_00002034","38083"
"ansi:01034208","loc_00002035","38085"
"ansi:01035896","loc_00002036","38087"
"ansi:01035618","loc_00002037","38089"
"ansi:01034220","loc_00002038","38091"
"ansi:01034224","loc_00002039","38093"
"ansi:01034213","loc_00002040","38095"
"ansi:01034221","loc_00002041","38097"
"ansi:01034214","loc_00002042","38099"
"ansi:01034231","loc_00002043","38101"
"ansi:01034204","loc_00002044","38103"
"ansi:01035306","loc_00002045","38105"
"ansi:01074014","loc_00002046","39001"
"ansi:01074015","loc_00002047","39003"
"ansi:01074016","loc_00002048","39005"
"ansi:01074017","loc_00002049","39007"
"ansi:01074018","loc_00002050","39009"
"ansi:01074019","loc_00002051","39011"
"ansi:01065575","loc_00002052","39013"
"ansi:01074020","loc_00002053","39015"
"ansi:01074021","loc_00002054","39017"
"ansi:01074022","loc_00002055","39019"
"ansi:01074023","loc_00002056","39021"
"ansi:01074024","loc_00002057","39023"
"ansi:01074025","loc_00002058","39025"
"ansi:01074026","loc_00002059","39027"
"ansi:01074027","loc_00002060","39029"
"ansi:01074028","loc_00002061","39031"
"ansi:01074029","loc_00002062","39033"
"ansi:01074030","loc_00002063","39035"
"ansi:01074031","loc_00002064","39037"
"ansi:01074032","loc_00002065","39039"
"ansi:01074033","loc_00002066","39041"
"ansi:01074034","loc_00002067","39043"
"ansi:01074035","loc_00002068","39045"
"ansi:01074036","loc_00002069","39047"
"ansi:01074037","loc_00002070","39049"
"ansi:01074038","loc_00002071","39051"
"ansi:01074039","loc_00002072","39053"
"ansi:01074040","loc_00002073","39055"
"ansi:01074041","loc_00002074","39057"
"ansi:01074042","loc_00002075","39059"
"ansi:01074043","loc_00002076","39061"
"ansi:01074044","loc_00002077","39063"
"ansi:01074045","loc_00002078","39065"
"ansi:01074046","loc_00002079","39067"
"ansi:01074047","loc_00002080","39069"
"ansi:01074048","loc_00002081","39071"
"ansi:01074049","loc_00002082","39073"
"ansi:01074050","loc_00002083","39075"
"ansi:01074051","loc_00002084","39077"
"ansi:01074052","loc_00002085","39079"
"ansi:01074053","loc_00002086","39081"
"ansi:01074054","loc_00002087","39083"
"ansi:01074055","loc_00002088","39085"
"ansi:01074056","loc_00002089","39087"
"ansi:01074057","loc_00002090","39089"
"ansi:01074058","loc_00002091","39091"
"ansi:01074059","loc_00002092","39093"
"ansi:01074060","loc_00002093","39095"
"ansi:01074061","loc_00002094","39097"
"ansi:01074062","loc_00002095","39099"
"ansi:01074063","loc_00002096","39101"
"ansi:01074064","loc_00002097","39103"
"ansi:01074065","loc_00002098","39105"
"ansi:01074066","loc_00002099","39107"
"ansi:01074067","loc_00002100","39109"
"ansi:01074068","loc_00002101","39111"
"ansi:01074069","loc_00002102","39113"
"ansi:01074070","loc_00002103","39115"
"ansi:01074071","loc_00002104","39117"
"ansi:01074072","loc_00002105","39119"
"ansi:01074073","loc_00002106","39121"
"ansi:01074074","loc_00002107","39123"
"ansi:01074075","loc_00002108","39125"
"ansi:01074076","loc_00002109","39127"
"ansi:01074077","loc_00002110","39129"
"ansi:01074078","loc_00002111","39131"
"ansi:01074079","loc_00002112","39133"
"ansi:01074080","loc_00002113","39135"
"ansi:01074081","loc_00002114","39137"
"ansi:01074082","loc_00002115","39139"
"ansi:01074083","loc_00002116","39141"
"ansi:01074084","loc_00002117","39143"
"ansi:01074085","loc_00002118","39145"
"ansi:01074086","loc_00002119","39147"
"ansi:01074087","loc_00002120","39149"
"ansi:01065576","loc_00002121","39151"
"ansi:01074088","loc_00002122","39153"
"ansi:01074089","loc_00002123","39155"
"ansi:01074090","loc_00002124","39157"
"ansi:01074091","loc_00002125","39159"
"ansi:01074092","loc_00002126","39161"
"ansi:01074093","loc_00002127","39163"
"ansi:01074094","loc_00002128","39165"
"ansi:01074095","loc_00002129","39167"
"ansi:01074096","loc_00002130","39169"
"ansi:01074097","loc_00002131","39171"
"ansi:01074098","loc_00002132","39173"
"ansi:01074099","loc_00002133","39175"
"ansi:01101788","loc_00002134","40001"
"ansi:01101789","loc_00002135","40003"
"ansi:01101790","loc_00002136","40005"
"ansi:01101791","loc_00002137","40007"
"ansi:01101792","loc_00002138","40009"
"ansi:01101793","loc_00002139","40011"
"ansi:01101794","loc_00002140","40013"
"ansi:01101795","loc_00002141","40015"
"ansi:01101796","loc_00002142","40017"
"ansi:01101797","loc_00002143","40019"
"ansi:01101798","loc_00002144","40021"
"ansi:01101799","loc_00002145","40023"
"ansi:01101800","loc_00002146","40025"
"ansi:01101801","loc_00002147","40027"
"ansi:01101802","loc_00002148","40029"
"ansi:01101803","loc_00002149","40031"
"ansi:01101804","loc_00002150","40033"
"ansi:01101805","loc_00002151","40035"
"ansi:01101806","loc_00002152","40037"
"ansi:01101807","loc_00002153","40039"
"ansi:01101808","loc_00002154","40041"
"ansi:01101809","loc_00002155","40043"
"ansi:01101810","loc_00002156","40045"
"ansi:01101811","loc_00002157","40047"
"ansi:01101812","loc_00002158","40049"
"ansi:01101813","loc_00002159","40051"
"ansi:01101814","loc_00002160","40053"
"ansi:01101815","loc_00002161","40055"
"ansi:01101816","loc_00002162","40057"
"ansi:01101817","loc_00002163","40059"
"ansi:01101818","loc_00002164","40061"
"ansi:01101819","loc_00002165","40063"
"ansi:01101820","loc_00002166","40065"
"ansi:01101821","loc_00002167","40067"
"ansi:01101822","loc_00002168","40069"
"ansi:01101823","loc_00002169","40071"
"ansi:01101824","loc_00002170","40073"
"ansi:01101825","loc_00002171","40075"
"ansi:01101826","loc_00002172","40077"
"ansi:01101827","loc_00002173","40079"
"ansi:01101828","loc_00002174","40081"
"ansi:01101829","loc_00002175","40083"
"ansi:01101830","loc_00002176","40085"
"ansi:01101834","loc_00002177","40087"
"ansi:01101835","loc_00002178","40089"
"ansi:01101836","loc_00002179","40091"
"ansi:01101831","loc_00002180","40093"
"ansi:01101832","loc_00002181","40095"
"ansi:01101833","loc_00002182","40097"
"ansi:01101837","loc_00002183","40099"
"ansi:01101838","loc_00002184","40101"
"ansi:01101839","loc_00002185","40103"
"ansi:01101840","loc_00002186","40105"
"ansi:01101841","loc_00002187","40107"
"ansi:01101842","loc_00002188","40109"
"ansi:01101843","loc_00002189","40111"
"ansi:01101844","loc_00002190","40113"
"ansi:01101845","loc_00002191","40115"
"ansi:01101846","loc_00002192","40117"
"ansi:01101847","loc_00002193","40119"
"ansi:01101848","loc_00002194","40121"
"ansi:01101849","loc_00002195","40123"
"ansi:01101850","loc_00002196","40125"
"ansi:01101851","loc_00002197","40127"
"ansi:01101852","loc_00002198","40129"
"ansi:01101853","loc_00002199","40131"
"ansi:01101854","loc_00002200","40133"
"ansi:01101855","loc_00002201","40135"
"ansi:01101856","loc_00002202","40137"
"ansi:01101857","loc_00002203","40139"
"ansi:01101858","loc_00002204","40141"
"ansi:01101859","loc_00002205","40143"
"ansi:01101860","loc_00002206","40145"
"ansi:01101861","loc_00002207","40147"
"ansi:01101862","loc_00002208","40149"
"ansi:01101863","loc_00002209","40151"
"ansi:01101864","loc_00002210","40153"
"ansi:01135845","loc_00002211","41001"
"ansi:01155126","loc_00002212","41003"
"ansi:01155127","loc_00002213","41005"
"ansi:01135846","loc_00002214","41007"
"ansi:01135847","loc_00002215","41009"
"ansi:01135848","loc_00002216","41011"
"ansi:01155128","loc_00002217","41013"
"ansi:01155129","loc_00002218","41015"
"ansi:01155130","loc_00002219","41017"
"ansi:01135849","loc_00002220","41019"
"ansi:01135850","loc_00002221","41021"
"ansi:01135851","loc_00002222","41023"
"ansi:01135852","loc_00002223","41025"
"ansi:01155131","loc_00002224","41027"
"ansi:01135853","loc_00002225","41029"
"ansi:01155132","loc_00002226","41031"
"ansi:01155133","loc_00002227","41033"
"ansi:01155134","loc_00002228","41035"
"ansi:01135854","loc_00002229","41037"
"ansi:01135855","loc_00002230","41039"
"ansi:01135856","loc_00002231","41041"
"ansi:01135857","loc_00002232","41043"
"ansi:01135858","loc_00002233","41045"
"ansi:01135859","loc_00002234","41047"
"ansi:01135860","loc_00002235","41049"
"ansi:01135861","loc_00002236","41051"
"ansi:01135862","loc_00002237","41053"
"ansi:01135863","loc_00002238","41055"
"ansi:01135864","loc_00002239","41057"
"ansi:01156673","loc_00002240","41059"
"ansi:01164165","loc_00002241","41061"
"ansi:01155135","loc_00002242","41063"
"ansi:01155136","loc_00002243","41065"
"ansi:01155137","loc_00002244","41067"
"ansi:01135865","loc_00002245","41069"
"ansi:01135866","loc_00002246","41071"
"ansi:01213656","loc_00002247","42001"
"ansi:01213657","loc_00002248","42003"
"ansi:01213658","loc_00002249","42005"
"ansi:01214112","loc_00002250","42007"
"ansi:01209171","loc_00002251","42009"
"ansi:01209172","loc_00002252","42011"
"ansi:01213659","loc_00002253","42013"
"ansi:01213660","loc_00002254","42015"
"ansi:01209173","loc_00002255","42017"
"ansi:01213661","loc_00002256","42019"
"ansi:01213662","loc_00002257","42021"
"ansi:01213663","loc_00002258","42023"
"ansi:01213664","loc_00002259","42025"
"ansi:01214720","loc_00002260","42027"
"ansi:01209174","loc_00002261","42029"
"ansi:01210234","loc_00002262","42031"
"ansi:01209175","loc_00002263","42033"
"ansi:01214721","loc_00002264","42035"
"ansi:01213665","loc_00002265","42037"
"ansi:01213666","loc_00002266","42039"
"ansi:01209176","loc_00002267","42041"
"ansi:01213667","loc_00002268","42043"
"ansi:01209177","loc_00002269","42045"
"ansi:01213668","loc_00002270","42047"
"ansi:01209178","loc_00002271","42049"
"ansi:01209179","loc_00002272","42051"
"ansi:01213669","loc_00002273","42053"
"ansi:01213670","loc_00002274","42055"
"ansi:01213671","loc_00002275","42057"
"ansi:01214033","loc_00002276","42059"
"ansi:01213672","loc_00002277","42061"
"ansi:01213673","loc_00002278","42063"
"ansi:01213674","loc_00002279","42065"
"ansi:01209180","loc_00002280","42067"
"ansi:01213675","loc_00002281","42069"
"ansi:01209181","loc_00002282","42071"
"ansi:01213676","loc_00002283","42073"
"ansi:01214034","loc_00002284","42075"
"ansi:01209182","loc_00002285","42077"
"ansi:01209183","loc_00002286","42079"
"ansi:01213677","loc_00002287","42081"
"ansi:01210235","loc_00002288","42083"
"ansi:01213678","loc_00002289","42085"
"ansi:01213679","loc_00002290","42087"
"ansi:01209184","loc_00002291","42089"
"ansi:01213680","loc_00002292","42091"
"ansi:01213681","loc_00002293","42093"
"ansi:01209185","loc_00002294","42095"
"ansi:01209186","loc_00002295","42097"
"ansi:01213682","loc_00002296","42099"
"ansi:01209187","loc_00002297","42101"
"ansi:01213683","loc_00002298","42103"
"ansi:01213684","loc_00002299","42105"
"ansi:01213685","loc_00002300","42107"
"ansi:01213686","loc_00002301","42109"
"ansi:01209188","loc_00002302","42111"
"ansi:01213687","loc_00002303","42113"
"ansi:01213688","loc_00002304","42115"
"ansi:01209189","loc_00002305","42117"
"ansi:01213689","loc_00002306","42119"
"ansi:01213690","loc_00002307","42121"
"ansi:01213691","loc_00002308","42123"
"ansi:01209190","loc_00002309","42125"
"ansi:01213692","loc_00002310","42127"
"ansi:01209191","loc_00002311","42129"
"ansi:01209192","loc_00002312","42131"
"ansi:01209193","loc_00002313","42133"
"ansi:01219777","loc_00002314","44001"
"ansi:01219778","loc_00002315","44003"
"ansi:01219779","loc_00002316","44005"
"ansi:01219781","loc_00002317","44007"
"ansi:01219782","loc_00002318","44009"
"ansi:01245666","loc_00002319","45001"
"ansi:01247979","loc_00002320","45003"
"ansi:01247980","loc_00002321","45005"
"ansi:01247981","loc_00002322","45007"
"ansi:01247982","loc_00002323","45009"
"ansi:01247983","loc_00002324","45011"
"ansi:01247984","loc_00002325","45013"
"ansi:01247985","loc_00002326","45015"
"ansi:01247986","loc_00002327","45017"
"ansi:01252740","loc_00002328","45019"
"ansi:01247987","loc_00002329","45021"
"ansi:01247988","loc_00002330","45023"
"ansi:01247989","loc_00002331","45025"
"ansi:01247990","loc_00002332","45027"
"ansi:01247991","loc_00002333","45029"
"ansi:01247992","loc_00002334","45031"
"ansi:01247993","loc_00002335","45033"
"ansi:01247998","loc_00002336","45035"
"ansi:01247999","loc_00002337","45037"
"ansi:01248000","loc_00002338","45039"
"ansi:01248001","loc_00002339","45041"
"ansi:01248002","loc_00002340","45043"
"ansi:01245489","loc_00002341","45045"
"ansi:01248003","loc_00002342","45047"
"ansi:01248004","loc_00002343","45049"
"ansi:01248005","loc_00002344","45051"
"ansi:01248006","loc_00002345","45053"
"ansi:01248007","loc_00002346","45055"
"ansi:01248008","loc_00002347","45057"
"ansi:01248009","loc_00002348","45059"
"ansi:01245652","loc_00002349","45061"
"ansi:01244251","loc_00002350","45063"
"ansi:01248012","loc_00002351","45065"
"ansi:01248010","loc_00002352","45067"
"ansi:01248011","loc_00002353","45069"
"ansi:01248013","loc_00002354","45071"
"ansi:01244832","loc_00002355","45073"
"ansi:01248014","loc_00002356","45075"
"ansi:01248015","loc_00002357","45077"
"ansi:01249299","loc_00002358","45079"
"ansi:01248016","loc_00002359","45081"
"ansi:01248592","loc_00002360","45083"
"ansi:01244717","loc_00002361","45085"
"ansi:01248017","loc_00002362","45087"
"ansi:01248018","loc_00002363","45089"
"ansi:01248019","loc_00002364","45091"
"ansi:01266983","loc_00002365","46003"
"ansi:01266986","loc_00002366","46005"
"ansi:01265812","loc_00002367","46007"
"ansi:01266997","loc_00002368","46009"
"ansi:01265779","loc_00002369","46011"
"ansi:01265785","loc_00002370","46013"
"ansi:01265768","loc_00002371","46015"
"ansi:01265767","loc_00002372","46017"
"ansi:01265793","loc_00002373","46019"
"ansi:01266974","loc_00002374","46021"
"ansi:01266976","loc_00002375","46023"
"ansi:01266985","loc_00002376","46025"
"ansi:01265764","loc_00002377","46027"
"ansi:01265791","loc_00002378","46029"
"ansi:01265811","loc_00002379","46031"
"ansi:01265788","loc_00002380","46033"
"ansi:01266980","loc_00002381","46035"
"ansi:01265790","loc_00002382","46037"
"ansi:01265781","loc_00002383","46039"
"ansi:01266994","loc_00002384","46041"
"ansi:01266978","loc_00002385","46043"
"ansi:01266972","loc_00002386","46045"
"ansi:01265787","loc_00002387","46047"
"ansi:01265760","loc_00002388","46049"
"ansi:01265782","loc_00002389","46051"
"ansi:01265765","loc_00002390","46053"
"ansi:01266988","loc_00002391","46055"
"ansi:01265766","loc_00002392","46057"
"ansi:01265783","loc_00002393","46059"
"ansi:01266979","loc_00002394","46061"
"ansi:01265792","loc_00002395","46063"
"ansi:01265774","loc_00002396","46065"
"ansi:01265771","loc_00002397","46067"
"ansi:01266984","loc_00002398","46069"
"ansi:01265794","loc_00002399","46071"
"ansi:01265778","loc_00002400","46073"
"ansi:01266981","loc_00002401","46075"
"ansi:01265780","loc_00002402","46077"
"ansi:01265776","loc_00002403","46079"
"ansi:01266996","loc_00002404","46081"
"ansi:01265769","loc_00002405","46083"
"ansi:01265789","loc_00002406","46085"
"ansi:01265773","loc_00002407","46087"
"ansi:01265762","loc_00002408","46089"
"ansi:01265759","loc_00002409","46091"
"ansi:01266991","loc_00002410","46093"
"ansi:01267177","loc_00002411","46095"
"ansi:01265777","loc_00002412","46097"
"ansi:01265772","loc_00002413","46099"
"ansi:01265775","loc_00002414","46101"
"ansi:01266992","loc_00002415","46102"
"ansi:01266995","loc_00002416","46103"
"ansi:01266990","loc_00002417","46105"
"ansi:01265761","loc_00002418","46107"
"ansi:01265786","loc_00002419","46109"
"ansi:01266977","loc_00002420","46111"
"ansi:01266987","loc_00002421","46115"
"ansi:01266998","loc_00002422","46117"
"ansi:01266982","loc_00002423","46119"
"ansi:01266989","loc_00002424","46121"
"ansi:01265784","loc_00002425","46123"
"ansi:01265770","loc_00002426","46125"
"ansi:01265763","loc_00002427","46127"
"ansi:01266973","loc_00002428","46129"
"ansi:01266975","loc_00002429","46135"
"ansi:01266993","loc_00002430","46137"
"ansi:01639722","loc_00002431","47001"
"ansi:01639723","loc_00002432","47003"
"ansi:01639724","loc_00002433","47005"
"ansi:01639725","loc_00002434","47007"
"ansi:01639726","loc_00002435","47009"
"ansi:01639727","loc_00002436","47011"
"ansi:01639728","loc_00002437","47013"
"ansi:01648572","loc_00002438","47015"
"ansi:01639729","loc_00002439","47017"
"ansi:01639730","loc_00002440","47019"
"ansi:01639731","loc_00002441","47021"
"ansi:01639732","loc_00002442","47023"
"ansi:01639733","loc_00002443","47025"
"ansi:01648573","loc_00002444","47027"
"ansi:01639734","loc_00002445","47029"
"ansi:01639735","loc_00002446","47031"
"ansi:01648574","loc_00002447","47033"
"ansi:01639736","loc_00002448","47035"
"ansi:01639737","loc_00002449","47037"
"ansi:01639739","loc_00002450","47039"
"ansi:01639738","loc_00002451","47041"
"ansi:01639740","loc_00002452","47043"
"ansi:01639741","loc_00002453","47045"
"ansi:01639742","loc_00002454","47047"
"ansi:01639743","loc_00002455","47049"
"ansi:01639744","loc_00002456","47051"
"ansi:01639745","loc_00002457","47053"
"ansi:01639746","loc_00002458","47055"
"ansi:01648575","loc_00002459","47057"
"ansi:01639747","loc_00002460","47059"
"ansi:01639748","loc_00002461","47061"
"ansi:01648576","loc_00002462","47063"
"ansi:01639749","loc_00002463","47065"
"ansi:01648577","loc_00002464","47067"
"ansi:01639750","loc_00002465","47069"
"ansi:01639751","loc_00002466","47071"
"ansi:01639752","loc_00002467","47073"
"ansi:01639753","loc_00002468","47075"
"ansi:01639754","loc_00002469","47077"
"ansi:01639755","loc_00002470","47079"
"ansi:01639756","loc_00002471","47081"
"ansi:01648578","loc_00002472","47083"
"ansi:01639757","loc_00002473","47085"
"ansi:01639758","loc_00002474","47087"
"ansi:01639759","loc_00002475","47089"
"ansi:01639760","loc_00002476","47091"
"ansi:01639761","loc_00002477","47093"
"ansi:01639762","loc_00002478","47095"
"ansi:01639763","loc_00002479","47097"
"ansi:01639764","loc_00002480","47099"
"ansi:01639765","loc_00002481","47101"
"ansi:01639766","loc_00002482","47103"
"ansi:01639767","loc_00002483","47105"
"ansi:01639773","loc_00002484","47107"
"ansi:01639774","loc_00002485","47109"
"ansi:01639768","loc_00002486","47111"
"ansi:01639769","loc_00002487","47113"
"ansi:01639770","loc_00002488","47115"
"ansi:01639771","loc_00002489","47117"
"ansi:01639772","loc_00002490","47119"
"ansi:01639775","loc_00002491","47121"
"ansi:01639776","loc_00002492","47123"
"ansi:01639777","loc_00002493","47125"
"ansi:01648579","loc_00002494","47127"
"ansi:01639778","loc_00002495","47129"
"ansi:01639779","loc_00002496","47131"
"ansi:01639780","loc_00002497","47133"
"ansi:01639781","loc_00002498","47135"
"ansi:01648580","loc_00002499","47137"
"ansi:01639782","loc_00002500","47139"
"ansi:01639783","loc_00002501","47141"
"ansi:01639784","loc_00002502","47143"
"ansi:01639785","loc_00002503","47145"
"ansi:01639786","loc_00002504","47147"
"ansi:01639787","loc_00002505","47149"
"ansi:01639788","loc_00002506","47151"
"ansi:01652643","loc_00002507","47153"
"ansi:01639789","loc_00002508","47155"
"ansi:01639790","loc_00002509","47157"
"ansi:01639791","loc_00002510","47159"
"ansi:01639792","loc_00002511","47161"
"ansi:01639793","loc_00002512","47163"
"ansi:01639794","loc_00002513","47165"
"ansi:01639795","loc_00002514","47167"
"ansi:01648581","loc_00002515","47169"
"ansi:01648582","loc_00002516","47171"
"ansi:01648583","loc_00002517","47173"
"ansi:01648584","loc_00002518","47175"
"ansi:01639796","loc_00002519","47177"
"ansi:01639797","loc_00002520","47179"
"ansi:01639798","loc_00002521","47181"
"ansi:01639799","loc_00002522","47183"
"ansi:01639800","loc_00002523","47185"
"ansi:01639801","loc_00002524","47187"
"ansi:01639802","loc_00002525","47189"
"ansi:01383786","loc_00002526","48001"
"ansi:01383787","loc_00002527","48003"
"ansi:01383788","loc_00002528","48005"
"ansi:01383789","loc_00002529","48007"
"ansi:01383790","loc_00002530","48009"
"ansi:01383791","loc_00002531","48011"
"ansi:01383792","loc_00002532","48013"
"ansi:01383793","loc_00002533","48015"
"ansi:01383794","loc_00002534","48017"
"ansi:01383795","loc_00002535","48019"
"ansi:01383796","loc_00002536","48021"
"ansi:01383797","loc_00002537","48023"
"ansi:01383798","loc_00002538","48025"
"ansi:01383799","loc_00002539","48027"
"ansi:01383800","loc_00002540","48029"
"ansi:01383801","loc_00002541","48031"
"ansi:01383802","loc_00002542","48033"
"ansi:01383803","loc_00002543","48035"
"ansi:01383804","loc_00002544","48037"
"ansi:01383805","loc_00002545","48039"
"ansi:01383806","loc_00002546","48041"
"ansi:01383807","loc_00002547","48043"
"ansi:01383808","loc_00002548","48045"
"ansi:01383809","loc_00002549","48047"
"ansi:01383810","loc_00002550","48049"
"ansi:01383811","loc_00002551","48051"
"ansi:01383812","loc_00002552","48053"
"ansi:01383813","loc_00002553","48055"
"ansi:01383814","loc_00002554","48057"
"ansi:01383815","loc_00002555","48059"
"ansi:01383816","loc_00002556","48061"
"ansi:01383817","loc_00002557","48063"
"ansi:01383818","loc_00002558","48065"
"ansi:01383819","loc_00002559","48067"
"ansi:01383820","loc_00002560","48069"
"ansi:01383821","loc_00002561","48071"
"ansi:01383822","loc_00002562","48073"
"ansi:01383823","loc_00002563","48075"
"ansi:01383824","loc_00002564","48077"
"ansi:01383825","loc_00002565","48079"
"ansi:01383826","loc_00002566","48081"
"ansi:01383827","loc_00002567","48083"
"ansi:01383828","loc_00002568","48085"
"ansi:01383829","loc_00002569","48087"
"ansi:01383830","loc_00002570","48089"
"ansi:01383831","loc_00002571","48091"
"ansi:01383832","loc_00002572","48093"
"ansi:01383833","loc_00002573","48095"
"ansi:01383834","loc_00002574","48097"
"ansi:01383835","loc_00002575","48099"
"ansi:01383836","loc_00002576","48101"
"ansi:01383837","loc_00002577","48103"
"ansi:01383838","loc_00002578","48105"
"ansi:01383839","loc_00002579","48107"
"ansi:01383840","loc_00002580","48109"
"ansi:01383841","loc_00002581","48111"
"ansi:01383842","loc_00002582","48113"
"ansi:01383843","loc_00002583","48115"
"ansi:01383845","loc_00002584","48117"
"ansi:01383846","loc_00002585","48119"
"ansi:01383847","loc_00002586","48121"
"ansi:01383844","loc_00002587","48123"
"ansi:01383848","loc_00002588","48125"
"ansi:01383849","loc_00002589","48127"
"ansi:01383850","loc_00002590","48129"
"ansi:01383851","loc_00002591","48131"
"ansi:01383852","loc_00002592","48133"
"ansi:01383853","loc_00002593","48135"
"ansi:01383854","loc_00002594","48137"
"ansi:01383856","loc_00002595","48139"
"ansi:01383855","loc_00002596","48141"
"ansi:01383857","loc_00002597","48143"
"ansi:01383858","loc_00002598","48145"
"ansi:01383859","loc_00002599","48147"
"ansi:01383860","loc_00002600","48149"
"ansi:01383861","loc_00002601","48151"
"ansi:01383862","loc_00002602","48153"
"ansi:01383863","loc_00002603","48155"
"ansi:01383864","loc_00002604","48157"
"ansi:01383865","loc_00002605","48159"
"ansi:01383866","loc_00002606","48161"
"ansi:01383867","loc_00002607","48163"
"ansi:01383868","loc_00002608","48165"
"ansi:01383869","loc_00002609","48167"
"ansi:01383870","loc_00002610","48169"
"ansi:01383871","loc_00002611","48171"
"ansi:01383872","loc_00002612","48173"
"ansi:01383873","loc_00002613","48175"
"ansi:01383874","loc_00002614","48177"
"ansi:01383875","loc_00002615","48179"
"ansi:01383876","loc_00002616","48181"
"ansi:01383877","loc_00002617","48183"
"ansi:01383878","loc_00002618","48185"
"ansi:01383879","loc_00002619","48187"
"ansi:01383880","loc_00002620","48189"
"ansi:01383881","loc_00002621","48191"
"ansi:01383882","loc_00002622","48193"
"ansi:01383883","loc_00002623","48195"
"ansi:01383884","loc_00002624","48197"
"ansi:01383885","loc_00002625","48199"
"ansi:01383886","loc_00002626","48201"
"ansi:01383887","loc_00002627","48203"
"ansi:01383888","loc_00002628","48205"
"ansi:01383889","loc_00002629","48207"
"ansi:01383890","loc_00002630","48209"
"ansi:01383891","loc_00002631","48211"
"ansi:01383892","loc_00002632","48213"
"ansi:01383893","loc_00002633","48215"
"ansi:01383894","loc_00002634","48217"
"ansi:01383895","loc_00002635","48219"
"ansi:01383896","loc_00002636","48221"
"ansi:01383897","loc_00002637","48223"
"ansi:01383898","loc_00002638","48225"
"ansi:01383899","loc_00002639","48227"
"ansi:01383900","loc_00002640","48229"
"ansi:01383901","loc_00002641","48231"
"ansi:01383902","loc_00002642","48233"
"ansi:01383903","loc_00002643","48235"
"ansi:01383904","loc_00002644","48237"
"ansi:01383905","loc_00002645","48239"
"ansi:01383906","loc_00002646","48241"
"ansi:01383907","loc_00002647","48243"
"ansi:01383908","loc_00002648","48245"
"ansi:01383909","loc_00002649","48247"
"ansi:01383910","loc_00002650","48249"
"ansi:01383911","loc_00002651","48251"
"ansi:01383912","loc_00002652","48253"
"ansi:01383913","loc_00002653","48255"
"ansi:01383914","loc_00002654","48257"
"ansi:01383915","loc_00002655","48259"
"ansi:01383916","loc_00002656","48261"
"ansi:01383917","loc_00002657","48263"
"ansi:01383918","loc_00002658","48265"
"ansi:01383919","loc_00002659","48267"
"ansi:01383920","loc_00002660","48269"
"ansi:01383921","loc_00002661","48271"
"ansi:01383922","loc_00002662","48273"
"ansi:01383923","loc_00002663","48275"
"ansi:01383925","loc_00002664","48277"
"ansi:01383926","loc_00002665","48279"
"ansi:01383927","loc_00002666","48281"
"ansi:01383924","loc_00002667","48283"
"ansi:01383928","loc_00002668","48285"
"ansi:01383929","loc_00002669","48287"
"ansi:01383930","loc_00002670","48289"
"ansi:01383931","loc_00002671","48291"
"ansi:01383932","loc_00002672","48293"
"ansi:01383933","loc_00002673","48295"
"ansi:01383934","loc_00002674","48297"
"ansi:01383935","loc_00002675","48299"
"ansi:01383936","loc_00002676","48301"
"ansi:01383937","loc_00002677","48303"
"ansi:01383938","loc_00002678","48305"
"ansi:01383945","loc_00002679","48307"
"ansi:01383946","loc_00002680","48309"
"ansi:01383947","loc_00002681","48311"
"ansi:01383939","loc_00002682","48313"
"ansi:01383940","loc_00002683","48315"
"ansi:01383941","loc_00002684","48317"
"ansi:01383942","loc_00002685","48319"
"ansi:01383943","loc_00002686","48321"
"ansi:01383944","loc_00002687","48323"
"ansi:01383948","loc_00002688","48325"
"ansi:01383949","loc_00002689","48327"
"ansi:01383950","loc_00002690","48329"
"ansi:01383951","loc_00002691","48331"
"ansi:01383952","loc_00002692","48333"
"ansi:01383953","loc_00002693","48335"
"ansi:01383954","loc_00002694","48337"
"ansi:01383955","loc_00002695","48339"
"ansi:01383956","loc_00002696","48341"
"ansi:01383957","loc_00002697","48343"
"ansi:01383958","loc_00002698","48345"
"ansi:01383959","loc_00002699","48347"
"ansi:01383960","loc_00002700","48349"
"ansi:01383961","loc_00002701","48351"
"ansi:01383962","loc_00002702","48353"
"ansi:01383963","loc_00002703","48355"
"ansi:01383964","loc_00002704","48357"
"ansi:01383965","loc_00002705","48359"
"ansi:01383966","loc_00002706","48361"
"ansi:01383967","loc_00002707","48363"
"ansi:01383968","loc_00002708","48365"
"ansi:01383969","loc_00002709","48367"
"ansi:01383970","loc_00002710","48369"
"ansi:01383971","loc_00002711","48371"
"ansi:01383972","loc_00002712","48373"
"ansi:01383973","loc_00002713","48375"
"ansi:01383974","loc_00002714","48377"
"ansi:01383975","loc_00002715","48379"
"ansi:01383976","loc_00002716","48381"
"ansi:01383977","loc_00002717","48383"
"ansi:01383978","loc_00002718","48385"
"ansi:01383979","loc_00002719","48387"
"ansi:01383980","loc_00002720","48389"
"ansi:01383981","loc_00002721","48391"
"ansi:01383982","loc_00002722","48393"
"ansi:01383983","loc_00002723","48395"
"ansi:01383984","loc_00002724","48397"
"ansi:01383985","loc_00002725","48399"
"ansi:01383986","loc_00002726","48401"
"ansi:01383987","loc_00002727","48403"
"ansi:01383988","loc_00002728","48405"
"ansi:01383989","loc_00002729","48407"
"ansi:01383990","loc_00002730","48409"
"ansi:01383991","loc_00002731","48411"
"ansi:01383992","loc_00002732","48413"
"ansi:01383993","loc_00002733","48415"
"ansi:01383994","loc_00002734","48417"
"ansi:01383995","loc_00002735","48419"
"ansi:01383996","loc_00002736","48421"
"ansi:01383997","loc_00002737","48423"
"ansi:01383998","loc_00002738","48425"
"ansi:01383999","loc_00002739","48427"
"ansi:01384000","loc_00002740","48429"
"ansi:01384001","loc_00002741","48431"
"ansi:01384002","loc_00002742","48433"
"ansi:01384003","loc_00002743","48435"
"ansi:01384004","loc_00002744","48437"
"ansi:01384005","loc_00002745","48439"
"ansi:01384006","loc_00002746","48441"
"ansi:01384007","loc_00002747","48443"
"ansi:01384008","loc_00002748","48445"
"ansi:01384009","loc_00002749","48447"
"ansi:01384010","loc_00002750","48449"
"ansi:01384011","loc_00002751","48451"
"ansi:01384012","loc_00002752","48453"
"ansi:01384013","loc_00002753","48455"
"ansi:01384014","loc_00002754","48457"
"ansi:01384015","loc_00002755","48459"
"ansi:01384016","loc_00002756","48461"
"ansi:01384017","loc_00002757","48463"
"ansi:01384018","loc_00002758","48465"
"ansi:01384019","loc_00002759","48467"
"ansi:01384020","loc_00002760","48469"
"ansi:01384021","loc_00002761","48471"
"ansi:01384022","loc_00002762","48473"
"ansi:01384023","loc_00002763","48475"
"ansi:01384024","loc_00002764","48477"
"ansi:01384025","loc_00002765","48479"
"ansi:01384026","loc_00002766","48481"
"ansi:01384027","loc_00002767","48483"
"ansi:01384028","loc_00002768","48485"
"ansi:01384029","loc_00002769","48487"
"ansi:01384030","loc_00002770","48489"
"ansi:01384031","loc_00002771","48491"
"ansi:01384032","loc_00002772","48493"
"ansi:01384033","loc_00002773","48495"
"ansi:01384034","loc_00002774","48497"
"ansi:01384035","loc_00002775","48499"
"ansi:01384036","loc_00002776","48501"
"ansi:01384037","loc_00002777","48503"
"ansi:01384038","loc_00002778","48505"
"ansi:01384039","loc_00002779","48507"
"ansi:01448015","loc_00002780","49001"
"ansi:01455966","loc_00002781","49003"
"ansi:01448017","loc_00002782","49005"
"ansi:01448018","loc_00002783","49007"
"ansi:01448019","loc_00002784","49009"
"ansi:01448020","loc_00002785","49011"
"ansi:01448021","loc_00002786","49013"
"ansi:01448022","loc_00002787","49015"
"ansi:01448023","loc_00002788","49017"
"ansi:01448024","loc_00002789","49019"
"ansi:01448025","loc_00002790","49021"
"ansi:01455158","loc_00002791","49023"
"ansi:01448026","loc_00002792","49025"
"ansi:01448027","loc_00002793","49027"
"ansi:01448028","loc_00002794","49029"
"ansi:01448029","loc_00002795","49031"
"ansi:01448030","loc_00002796","49033"
"ansi:01448031","loc_00002797","49035"
"ansi:01448032","loc_00002798","49037"
"ansi:01448033","loc_00002799","49039"
"ansi:01448034","loc_00002800","49041"
"ansi:01448035","loc_00002801","49043"
"ansi:01448036","loc_00002802","49045"
"ansi:01448037","loc_00002803","49047"
"ansi:01448038","loc_00002804","49049"
"ansi:01448039","loc_00002805","49051"
"ansi:01448040","loc_00002806","49053"
"ansi:01448041","loc_00002807","49055"
"ansi:01448042","loc_00002808","49057"
"ansi:01461757","loc_00002809","50001"
"ansi:01461758","loc_00002810","50003"
"ansi:01461759","loc_00002811","50005"
"ansi:01461760","loc_00002812","50007"
"ansi:01461761","loc_00002813","50009"
"ansi:01461762","loc_00002814","50011"
"ansi:01461763","loc_00002815","50013"
"ansi:01461764","loc_00002816","50015"
"ansi:01461765","loc_00002817","50017"
"ansi:01461766","loc_00002818","50019"
"ansi:01461767","loc_00002819","50021"
"ansi:01461768","loc_00002820","50023"
"ansi:01461769","loc_00002821","50025"
"ansi:01461770","loc_00002822","50027"
"ansi:01480091","loc_00002823","51001"
"ansi:01675170","loc_00002824","51003"
"ansi:01673675","loc_00002825","51005"
"ansi:01497770","loc_00002826","51007"
"ansi:01480095","loc_00002827","51009"
"ansi:01497238","loc_00002828","51011"
"ansi:01480097","loc_00002829","51013"
"ansi:01480098","loc_00002830","51015"
"ansi:01673638","loc_00002831","51017"
"ansi:01674818","loc_00002832","51019"
"ansi:01494613","loc_00002833","51021"
"ansi:01674418","loc_00002834","51023"
"ansi:01493961","loc_00002835","51025"
"ansi:01497431","loc_00002836","51027"
"ansi:01501502","loc_00002837","51029"
"ansi:01674917","loc_00002838","51031"
"ansi:01480107","loc_00002839","51033"
"ansi:01480108","loc_00002840","51035"
"ansi:01480109","loc_00002841","51036"
"ansi:01492442","loc_00002842","51037"
"ansi:01480111","loc_00002843","51041"
"ansi:01690562","loc_00002844","51043"
"ansi:01673664","loc_00002845","51045"
"ansi:01497831","loc_00002846","51047"
"ansi:01494109","loc_00002847","51049"
"ansi:01497376","loc_00002848","51051"
"ansi:01690739","loc_00002849","51053"
"ansi:01480118","loc_00002850","51057"
"ansi:01480119","loc_00002851","51059"
"ansi:01480120","loc_00002852","51061"
"ansi:01494354","loc_00002853","51063"
"ansi:01494061","loc_00002854","51065"
"ansi:01494434","loc_00002855","51067"
"ansi:01480124","loc_00002856","51069"
"ansi:01494551","loc_00002857","51071"
"ansi:01480126","loc_00002858","51073"
"ansi:01674271","loc_00002859","51075"
"ansi:01501196","loc_00002860","51077"
"ansi:01480129","loc_00002861","51079"
"ansi:01501122","loc_00002862","51081"
"ansi:01496705","loc_00002863","51083"
"ansi:01480132","loc_00002864","51085"
"ansi:01480133","loc_00002865","51087"
"ansi:01502770","loc_00002866","51089"
"ansi:01673774","loc_00002867","51091"
"ansi:01702378","loc_00002868","51093"
"ansi:01480135","loc_00002869","51095"
"ansi:01480136","loc_00002870","51097"
"ansi:01480137","loc_00002871","51099"
"ansi:01480138","loc_00002872","51101"
"ansi:01480139","loc_00002873","51103"
"ansi:01496538","loc_00002874","51105"
"ansi:01480141","loc_00002875","51107"
"ansi:01494707","loc_00002876","51109"
"ansi:01492239","loc_00002877","51111"
"ansi:01494590","loc_00002878","51113"
"ansi:01480145","loc_00002879","51115"
"ansi:01500747","loc_00002880","51117"
"ansi:01480147","loc_00002881","51119"
"ansi:01674630","loc_00002882","51121"
"ansi:01500936","loc_00002883","51125"
"ansi:01480150","loc_00002884","51127"
"ansi:01480151","loc_00002885","51131"
"ansi:01480152","loc_00002886","51133"
"ansi:01493928","loc_00002887","51135"
"ansi:01494761","loc_00002888","51137"
"ansi:01500440","loc_00002889","51139"
"ansi:01497999","loc_00002890","51141"
"ansi:01480157","loc_00002891","51143"
"ansi:01674225","loc_00002892","51145"
"ansi:01492359","loc_00002893","51147"
"ansi:01480160","loc_00002894","51149"
"ansi:01480161","loc_00002895","51153"
"ansi:01501465","loc_00002896","51155"
"ansi:01673976","loc_00002897","51157"
"ansi:01480164","loc_00002898","51159"
"ansi:01480165","loc_00002899","51161"
"ansi:01480166","loc_00002900","51163"
"ansi:01488970","loc_00002901","51165"
"ansi:01497573","loc_00002902","51167"
"ansi:01498172","loc_00002903","51169"
"ansi:01673918","loc_00002904","51171"
"ansi:01500545","loc_00002905","51173"
"ansi:01480171","loc_00002906","51175"
"ansi:01480172","loc_00002907","51177"
"ansi:01480173","loc_00002908","51179"
"ansi:01480174","loc_00002909","51181"
"ansi:01690257","loc_00002910","51183"
"ansi:01497748","loc_00002911","51185"
"ansi:01674058","loc_00002912","51187"
"ansi:01498359","loc_00002913","51191"
"ansi:01480179","loc_00002914","51193"
"ansi:01496656","loc_00002915","51195"
"ansi:01501379","loc_00002916","51197"
"ansi:01480182","loc_00002917","51199"
"ansi:01498415","loc_00002918","51510"
"ansi:01498416","loc_00002919","51520"
"ansi:01498417","loc_00002920","51530"
"ansi:01789068","loc_00002921","51540"
"ansi:01498558","loc_00002922","51550"
"ansi:01498420","loc_00002923","51570"
"ansi:01789069","loc_00002924","51580"
"ansi:01498421","loc_00002925","51590"
"ansi:01498422","loc_00002926","51595"
"ansi:01789070","loc_00002927","51600"
"ansi:01498423","loc_00002928","51610"
"ansi:01498424","loc_00002929","51620"
"ansi:01498425","loc_00002930","51630"
"ansi:01498426","loc_00002931","51640"
"ansi:01498554","loc_00002932","51650"
"ansi:01498563","loc_00002933","51660"
"ansi:01498428","loc_00002934","51670"
"ansi:01789071","loc_00002935","51678"
"ansi:01498429","loc_00002936","51680"
"ansi:01498430","loc_00002937","51683"
"ansi:01498431","loc_00002938","51685"
"ansi:01789072","loc_00002939","51690"
"ansi:01498555","loc_00002940","51700"
"ansi:01498557","loc_00002941","51710"
"ansi:01498434","loc_00002942","51720"
"ansi:01498435","loc_00002943","51730"
"ansi:01498436","loc_00002944","51735"
"ansi:01498556","loc_00002945","51740"
"ansi:01498438","loc_00002946","51750"
"ansi:01789073","loc_00002947","51760"
"ansi:01498439","loc_00002948","51770"
"ansi:01789074","loc_00002949","51775"
"ansi:01789075","loc_00002950","51790"
"ansi:01498560","loc_00002951","51800"
"ansi:01498559","loc_00002952","51810"
"ansi:01498443","loc_00002953","51820"
"ansi:01789076","loc_00002954","51830"
"ansi:01789077","loc_00002955","51840"
"ansi:01531601","loc_00002956","53001"
"ansi:01533502","loc_00002957","53003"
"ansi:01513302","loc_00002958","53005"
"ansi:01531932","loc_00002959","53007"
"ansi:01531341","loc_00002960","53009"
"ansi:01531820","loc_00002961","53011"
"ansi:01513273","loc_00002962","53013"
"ansi:01529156","loc_00002963","53015"
"ansi:01531818","loc_00002964","53017"
"ansi:01531821","loc_00002965","53019"
"ansi:01531822","loc_00002966","53021"
"ansi:01533500","loc_00002967","53023"
"ansi:01531924","loc_00002968","53025"
"ansi:01531823","loc_00002969","53027"
"ansi:01513272","loc_00002970","53029"
"ansi:01531936","loc_00002971","53031"
"ansi:01531933","loc_00002972","53033"
"ansi:01529223","loc_00002973","53035"
"ansi:01531926","loc_00002974","53037"
"ansi:01529219","loc_00002975","53039"
"ansi:01531927","loc_00002976","53041"
"ansi:01514052","loc_00002977","53043"
"ansi:01529221","loc_00002978","53045"
"ansi:01531928","loc_00002979","53047"
"ansi:01513274","loc_00002980","53049"
"ansi:01529157","loc_00002981","53051"
"ansi:01529159","loc_00002982","53053"
"ansi:01531931","loc_00002983","53055"
"ansi:01531402","loc_00002984","53057"
"ansi:01529220","loc_00002985","53059"
"ansi:01529222","loc_00002986","53061"
"ansi:01529225","loc_00002987","53063"
"ansi:01531930","loc_00002988","53065"
"ansi:01529226","loc_00002989","53067"
"ansi:01513275","loc_00002990","53069"
"ansi:01531819","loc_00002991","53071"
"ansi:01529224","loc_00002992","53073"
"ansi:01533501","loc_00002993","53075"
"ansi:01531929","loc_00002994","53077"
"ansi:01696996","loc_00002995","54001"
"ansi:01550008","loc_00002996","54003"
"ansi:01550009","loc_00002997","54005"
"ansi:01550010","loc_00002998","54007"
"ansi:01558262","loc_00002999","54009"
"ansi:01550012","loc_00003000","54011"
"ansi:01696945","loc_00003001","54013"
"ansi:01550014","loc_00003002","54015"
"ansi:01689476","loc_00003003","54017"
"ansi:01560095","loc_00003004","54019"
"ansi:01689673","loc_00003005","54021"
"ansi:01697238","loc_00003006","54023"
"ansi:01557518","loc_00003007","54025"
"ansi:01718644","loc_00003008","54027"
"ansi:01560574","loc_00003009","54029"
"ansi:01718557","loc_00003010","54031"
"ansi:01718426","loc_00003011","54033"
"ansi:01559963","loc_00003012","54035"
"ansi:01550025","loc_00003013","54037"
"ansi:01550026","loc_00003014","54039"
"ansi:01550027","loc_00003015","54041"
"ansi:01550028","loc_00003016","54043"
"ansi:01550029","loc_00003017","54045"
"ansi:01689162","loc_00003018","54047"
"ansi:01718173","loc_00003019","54049"
"ansi:01717539","loc_00003020","54051"
"ansi:01560254","loc_00003021","54053"
"ansi:01557645","loc_00003022","54055"
"ansi:01717890","loc_00003023","54057"
"ansi:01550036","loc_00003024","54059"
"ansi:01550037","loc_00003025","54061"
"ansi:01557702","loc_00003026","54063"
"ansi:01557950","loc_00003027","54065"
"ansi:01550040","loc_00003028","54067"
"ansi:01717163","loc_00003029","54069"
"ansi:01550042","loc_00003030","54071"
"ansi:01678557","loc_00003031","54073"
"ansi:01550044","loc_00003032","54075"
"ansi:01558642","loc_00003033","54077"
"ansi:01550046","loc_00003034","54079"
"ansi:01550047","loc_00003035","54081"
"ansi:01550048","loc_00003036","54083"
"ansi:01689049","loc_00003037","54085"
"ansi:01550050","loc_00003038","54087"
"ansi:01557805","loc_00003039","54089"
"ansi:01689856","loc_00003040","54091"
"ansi:01689423","loc_00003041","54093"
"ansi:01678706","loc_00003042","54095"
"ansi:01696800","loc_00003043","54097"
"ansi:01550056","loc_00003044","54099"
"ansi:01550057","loc_00003045","54101"
"ansi:01717836","loc_00003046","54103"
"ansi:01678877","loc_00003047","54105"
"ansi:01560558","loc_00003048","54107"
"ansi:01550061","loc_00003049","54109"
"ansi:01581060","loc_00003050","55001"
"ansi:01581061","loc_00003051","55003"
"ansi:01581062","loc_00003052","55005"
"ansi:01581063","loc_00003053","55007"
"ansi:01581064","loc_00003054","55009"
"ansi:01581065","loc_00003055","55011"
"ansi:01581066","loc_00003056","55013"
"ansi:01581067","loc_00003057","55015"
"ansi:01581068","loc_00003058","55017"
"ansi:01581069","loc_00003059","55019"
"ansi:01581070","loc_00003060","55021"
"ansi:01581071","loc_00003061","55023"
"ansi:01581072","loc_00003062","55025"
"ansi:01581073","loc_00003063","55027"
"ansi:01581074","loc_00003064","55029"
"ansi:01581075","loc_00003065","55031"
"ansi:01581076","loc_00003066","55033"
"ansi:01581077","loc_00003067","55035"
"ansi:01581078","loc_00003068","55037"
"ansi:01581079","loc_00003069","55039"
"ansi:01581080","loc_00003070","55041"
"ansi:01581081","loc_00003071","55043"
"ansi:01581082","loc_00003072","55045"
"ansi:01581083","loc_00003073","55047"
"ansi:01581084","loc_00003074","55049"
"ansi:01581085","loc_00003075","55051"
"ansi:01581086","loc_00003076","55053"
"ansi:01581087","loc_00003077","55055"
"ansi:01581088","loc_00003078","55057"
"ansi:01581089","loc_00003079","55059"
"ansi:01581090","loc_00003080","55061"
"ansi:01581091","loc_00003081","55063"
"ansi:01581092","loc_00003082","55065"
"ansi:01581093","loc_00003083","55067"
"ansi:01581094","loc_00003084","55069"
"ansi:01581095","loc_00003085","55071"
"ansi:01581096","loc_00003086","55073"
"ansi:01581097","loc_00003087","55075"
"ansi:01581098","loc_00003088","55077"
"ansi:01581099","loc_00003089","55078"
"ansi:01581100","loc_00003090","55079"
"ansi:01581101","loc_00003091","55081"
"ansi:01581102","loc_00003092","55083"
"ansi:01581103","loc_00003093","55085"
"ansi:01581104","loc_00003094","55087"
"ansi:01581105","loc_00003095","55089"
"ansi:01581106","loc_00003096","55091"
"ansi:01581107","loc_00003097","55093"
"ansi:01581108","loc_00003098","55095"
"ansi:01581109","loc_00003099","55097"
"ansi:01581110","loc_00003100","55099"
"ansi:01581111","loc_00003101","55101"
"ansi:01581112","loc_00003102","55103"
"ansi:01581113","loc_00003103","55105"
"ansi:01581114","loc_00003104","55107"
"ansi:01581833","loc_00003105","55109"
"ansi:01581115","loc_00003106","55111"
"ansi:01581116","loc_00003107","55113"
"ansi:01581117","loc_00003108","55115"
"ansi:01581118","loc_00003109","55117"
"ansi:01581119","loc_00003110","55119"
"ansi:01581120","loc_00003111","55121"
"ansi:01581121","loc_00003112","55123"
"ansi:01581122","loc_00003113","55125"
"ansi:01581123","loc_00003114","55127"
"ansi:01581124","loc_00003115","55129"
"ansi:01581125","loc_00003116","55131"
"ansi:01581126","loc_00003117","55133"
"ansi:01581127","loc_00003118","55135"
"ansi:01581128","loc_00003119","55137"
"ansi:01581129","loc_00003120","55139"
"ansi:01581130","loc_00003121","55141"
"ansi:01605066","loc_00003122","56001"
"ansi:01605067","loc_00003123","56003"
"ansi:01605068","loc_00003124","56005"
"ansi:01605069","loc_00003125","56007"
"ansi:01605070","loc_00003126","56009"
"ansi:01605071","loc_00003127","56011"
"ansi:01605072","loc_00003128","56013"
"ansi:01605073","loc_00003129","56015"
"ansi:01605074","loc_00003130","56017"
"ansi:01609191","loc_00003131","56019"
"ansi:01605075","loc_00003132","56021"
"ansi:01605076","loc_00003133","56023"
"ansi:01605077","loc_00003134","56025"
"ansi:01605078","loc_00003135","56027"
"ansi:01605079","loc_00003136","56029"
"ansi:01605080","loc_00003137","56031"
"ansi:01605081","loc_00003138","56033"
"ansi:01605082","loc_00003139","56035"
"ansi:01609192","loc_00003140","56037"
"ansi:01605083","loc_00003141","56039"
"ansi:01605084","loc_00003142","56041"
"ansi:01605085","loc_00003143","56043"
"ansi:01605086","loc_00003144","56045"
"ansi:01804480","loc_00003145","72001"
"ansi:01804481","loc_00003146","72003"
"ansi:01804482","loc_00003147","72005"
"ansi:01804483","loc_00003148","72007"
"ansi:01804484","loc_00003149","72009"
"ansi:01804485","loc_00003150","72011"
"ansi:01804486","loc_00003151","72013"
"ansi:01804487","loc_00003152","72015"
"ansi:01804488","loc_00003153","72017"
"ansi:01804489","loc_00003154","72019"
"ansi:01804490","loc_00003155","72021"
"ansi:01804491","loc_00003156","72023"
"ansi:01804492","loc_00003157","72025"
"ansi:01804493","loc_00003158","72027"
"ansi:01804494","loc_00003159","72029"
"ansi:01804495","loc_00003160","72031"
"ansi:01804496","loc_00003161","72033"
"ansi:01804497","loc_00003162","72035"
"ansi:01804498","loc_00003163","72037"
"ansi:01804499","loc_00003164","72039"
"ansi:01804500","loc_00003165","72041"
"ansi:01804501","loc_00003166","72043"
"ansi:01804502","loc_00003167","72045"
"ansi:01804503","loc_00003168","72047"
"ansi:01804504","loc_00003169","72049"
"ansi:01804505","loc_00003170","72051"
"ansi:01804506","loc_00003171","72053"
"ansi:01804507","loc_00003172","72054"
"ansi:01804508","loc_00003173","72055"
"ansi:01804509","loc_00003174","72057"
"ansi:01804510","loc_00003175","72059"
"ansi:01804511","loc_00003176","72061"
"ansi:01804512","loc_00003177","72063"
"ansi:01804513","loc_00003178","72065"
"ansi:01804514","loc_00003179","72067"
"ansi:01804515","loc_00003180","72069"
"ansi:01804516","loc_00003181","72071"
"ansi:01804517","loc_00003182","72073"
"ansi:01804518","loc_00003183","72075"
"ansi:01804519","loc_00003184","72077"
"ansi:01804520","loc_00003185","72079"
"ansi:01804521","loc_00003186","72081"
"ansi:01804522","loc_00003187","72083"
"ansi:01804523","loc_00003188","72085"
"ansi:01804524","loc_00003189","72087"
"ansi:01804525","loc_00003190","72089"
"ansi:01804526","loc_00003191","72091"
"ansi:01804527","loc_00003192","72093"
"ansi:01804528","loc_00003193","72095"
"ansi:01804529","loc_00003194","72097"
"ansi:01804530","loc_00003195","72099"
"ansi:01804531","loc_00003196","72101"
"ansi:01804532","loc_00003197","72103"
"ansi:01804533","loc_00003198","72105"
"ansi:01804534","loc_00003199","72107"
"ansi:01804535","loc_00003200","72109"
"ansi:01804536","loc_00003201","72111"
"ansi:01804537","loc_00003202","72113"
"ansi:01804538","loc_00003203","72115"
"ansi:01804539","loc_00003204","72117"
"ansi:01804540","loc_00003205","72119"
"ansi:01804541","loc_00003206","72121"
"ansi:01804542","loc_00003207","72123"
"ansi:01804543","loc_00003208","72125"
"ansi:01804544","loc_00003209","72127"
"ansi:01804545","loc_00003210","72129"
"ansi:01804546","loc_00003211","72131"
"ansi:01804547","loc_00003212","72133"
"ansi:01804548","loc_00003213","72135"
"ansi:01804549","loc_00003214","72137"
"ansi:01804550","loc_00003215","72139"
"ansi:01804551","loc_00003216","72141"
"ansi:01804552","loc_00003217","72143"
"ansi:01804553","loc_00003218","72145"
"ansi:01804554","loc_00003219","72147"
"ansi:01804555","loc_00003220","72149"
"ansi:01804556","loc_00003221","72151"
"ansi:01804557","loc_00003222","72153"
"historic_geoid:02010","loc_00003223","02010"
"historic_geoid:02030","loc_00003224","02030"
"historic_geoid:02040","loc_00003225","02040"
"historic_geoid:02080","loc_00003226","02080"
"historic_geoid:02120","loc_00003227","02120"
"historic_geoid:02140","loc_00003228","02140"
"historic_geoid:02160","loc_00003229","02160"
"historic_geoid:02190","loc_00003230","02190"
"historic_geoid:02200","loc_00003231","02200"
"historic_geoid:02201","loc_00003232","02201"
"historic_geoid:02210","loc_00003233","02210"
"historic_geoid:02230:1970","loc_00003234","02230"
"historic_geoid:02231","loc_00003235","02231"
"historic_geoid:02232","loc_00003236","02232"
"historic_geoid:02250","loc_00003237","02250"
"historic_geoid:02260","loc_00003238","02260"
"historic_geoid:02261","loc_00003239","02261"
"historic_geoid:02280","loc_00003240","02280"
"historic_geoid:09001","loc_00003241","09001"
"historic_geoid:09003","loc_00003242","09003"
"historic_geoid:09005","loc_00003243","09005"
"historic_geoid:09007","loc_00003244","09007"
"historic_geoid:09009","loc_00003245","09009"
"historic_geoid:09011","loc_00003246","09011"
"historic_geoid:09013","loc_00003247","09013"
"historic_geoid:09015","loc_00003248","09015"
"historic_geoid:30113","loc_00003249","30113"
